,0
0,YEAR
1,LOCATION
2,STATE_ANSI
3,AREA_OPERATED_IN_ACRES
4,AREA_OPERATED_IN_ACRES_/_OPERATION
5,OPERATIONS_IN_OPERATIONS
6,AREA_HARVESTED_IN_ACRES
7,AREA_PLANTED_IN_ACRES
8,PRODUCTION_IN_BU
9,YIELD_IN_BU_/_ACRE
10,PRODUCTION_IN_$
11,PRICE_RECEIVED_IN_$_/_BU
12,CONDITION_IN_PCT_VERY_POOR
13,CONDITION_IN_PCT_GOOD
14,CONDITION_IN_PCT_FAIR
15,CONDITION_IN_PCT_POOR
16,CONDITION_IN_PCT_EXCELLENT
17,CONDITION_5_YEAR_AVG_IN_PCT_EXCELLENT
18,CONDITION_5_YEAR_AVG_IN_PCT_GOOD
19,CONDITION_5_YEAR_AVG_IN_PCT_POOR
20,CONDITION_5_YEAR_AVG_IN_PCT_VERY_POOR
21,CONDITION_5_YEAR_AVG_IN_PCT_FAIR
22,CONDITION_PREVIOUS_YEAR_IN_PCT_POOR
23,CONDITION_PREVIOUS_YEAR_IN_PCT_GOOD
24,CONDITION_PREVIOUS_YEAR_IN_PCT_VERY_POOR
25,CONDITION_PREVIOUS_YEAR_IN_PCT_EXCELLENT
26,CONDITION_PREVIOUS_YEAR_IN_PCT_FAIR
27,Crop Moisture Stress Index (CMSI)
28,AVG_TEMP_Month1
29,AVG_TEMP_Month10
30,AVG_TEMP_Month11
31,AVG_TEMP_Month12
32,AVG_TEMP_Month2
33,AVG_TEMP_Month3
34,AVG_TEMP_Month4
35,AVG_TEMP_Month5
36,AVG_TEMP_Month6
37,AVG_TEMP_Month7
38,AVG_TEMP_Month8
39,AVG_TEMP_Month9
40,MAX_TEMP_Month1
41,MAX_TEMP_Month10
42,MAX_TEMP_Month11
43,MAX_TEMP_Month12
44,MAX_TEMP_Month2
45,MAX_TEMP_Month3
46,MAX_TEMP_Month4
47,MAX_TEMP_Month5
48,MAX_TEMP_Month6
49,MAX_TEMP_Month7
50,MAX_TEMP_Month8
51,MAX_TEMP_Month9
52,MIN_TEMP_Month1
53,MIN_TEMP_Month10
54,MIN_TEMP_Month11
55,MIN_TEMP_Month12
56,MIN_TEMP_Month2
57,MIN_TEMP_Month3
58,MIN_TEMP_Month4
59,MIN_TEMP_Month5
60,MIN_TEMP_Month6
61,MIN_TEMP_Month7
62,MIN_TEMP_Month8
63,MIN_TEMP_Month9
64,Precipitation_Month1
65,Precipitation_Month10
66,Precipitation_Month11
67,Precipitation_Month12
68,Precipitation_Month2
69,Precipitation_Month3
70,Precipitation_Month4
71,Precipitation_Month5
72,Precipitation_Month6
73,Precipitation_Month7
74,Precipitation_Month8
75,Precipitation_Month9
76,PDSI_Month1
77,PDSI_Month10
78,PDSI_Month11
79,PDSI_Month12
80,PDSI_Month2
81,PDSI_Month3
82,PDSI_Month4
83,PDSI_Month5
84,PDSI_Month6
85,PDSI_Month7
86,PDSI_Month8
87,PDSI_Month9
88,PMDI_Month1
89,PMDI_Month10
90,PMDI_Month11
91,PMDI_Month12
92,PMDI_Month2
93,PMDI_Month3
94,PMDI_Month4
95,PMDI_Month5
96,PMDI_Month6
97,PMDI_Month7
98,PMDI_Month8
99,PMDI_Month9
100,Z_index_Month1
101,Z_index_Month10
102,Z_index_Month11
103,Z_index_Month12
104,Z_index_Month2
105,Z_index_Month3
106,Z_index_Month4
107,Z_index_Month5
108,Z_index_Month6
109,Z_index_Month7
110,Z_index_Month8
111,Z_index_Month9
112,PHDI_Month1
113,PHDI_Month10
114,PHDI_Month11
115,PHDI_Month12
116,PHDI_Month2
117,PHDI_Month3
118,PHDI_Month4
119,PHDI_Month5
120,PHDI_Month6
121,PHDI_Month7
122,PHDI_Month8
123,PHDI_Month9
124,NITROGEN
125,PHOSPHATE
126,POTASH
127,SULFUR
128,APPLICATIONS_IN_LB_FERTILIZER_NITROGEN
129,APPLICATIONS_IN_LB_FERTILIZER_PHOSPHATE
130,APPLICATIONS_IN_LB_FERTILIZER_POTASH
131,APPLICATIONS_IN_LB_FERTILIZER_SULFUR
132,APPLICATIONS_IN_LB_/_ACRE_/_APPLICATION_AVG_FERTILIZER_NITROGEN
133,APPLICATIONS_IN_LB_/_ACRE_/_APPLICATION_AVG_FERTILIZER_PHOSPHATE
134,APPLICATIONS_IN_LB_/_ACRE_/_APPLICATION_AVG_FERTILIZER_POTASH
135,APPLICATIONS_IN_LB_/_ACRE_/_APPLICATION_AVG_FERTILIZER_SULFUR
136,APPLICATIONS_IN_LB_/_ACRE_/_YEAR_AVG_FERTILIZER_NITROGEN
137,APPLICATIONS_IN_LB_/_ACRE_/_YEAR_AVG_FERTILIZER_PHOSPHATE
138,APPLICATIONS_IN_LB_/_ACRE_/_YEAR_AVG_FERTILIZER_POTASH
139,APPLICATIONS_IN_LB_/_ACRE_/_YEAR_AVG_FERTILIZER_SULFUR
140,APPLICATIONS_IN_NUMBER_AVG_FERTILIZER_NITROGEN
141,APPLICATIONS_IN_NUMBER_AVG_FERTILIZER_PHOSPHATE
142,APPLICATIONS_IN_NUMBER_AVG_FERTILIZER_POTASH
143,APPLICATIONS_IN_NUMBER_AVG_FERTILIZER_SULFUR
144,TREATED_IN_PCT_OF_AREA_PLANTED_AVG_FERTILIZER_NITROGEN
145,TREATED_IN_PCT_OF_AREA_PLANTED_AVG_FERTILIZER_PHOSPHATE
146,TREATED_IN_PCT_OF_AREA_PLANTED_AVG_FERTILIZER_POTASH
147,TREATED_IN_PCT_OF_AREA_PLANTED_AVG_FERTILIZER_SULFUR
148,AZOXYSTROBIN
149,PYRACLOSTROBIN
150,PROPICONAZOLE
151,TRIFLOXYSTROBIN
152,TEBUCONAZOLE
153,FLUXAPYROXAD
154,PROTHIOCONAZOLE
155,FLUAZINAM
156,TETRACONAZOLE
157,MYCLOBUTANIL
158,FLUOXASTROBIN
159,THIOPHANATE-METHYL
160,METCONAZOLE
161,CHLOROTHALONIL
162,DIFENOCONAZOLE
163,PICOXYSTROBIN
164,CYPROCONAZOLE
165,FLUOPYRAM
166,MONO-POTASSIUM SALT
167,BOSCALID
168,MEFENOXAM
169,BENZOVINDIFLUPYR
170,CONIOTHYRIUM MINITAN
171,BORAX DECAHYDRATE
172,ISOFETAMID
173,SEDAXANE
174,FLUDIOXONIL
175,FENHEXAMID
176,BACILLUS PUMILUS
177,MANCOZEB
178,ZOXAMIDE
179,STREPTOMYCES LYDICUS
180,CYPRODINIL
181,COPPER CHLORIDE HYD.
182,BASIC COPPER SULFATE
183,APPLICATIONS_IN_LB_FUNGICIDE_AZOXYSTROBIN
184,APPLICATIONS_IN_LB_FUNGICIDE_PYRACLOSTROBIN
185,APPLICATIONS_IN_LB_FUNGICIDE_PROPICONAZOLE
186,APPLICATIONS_IN_LB_FUNGICIDE_TRIFLOXYSTROBIN
187,APPLICATIONS_IN_LB_FUNGICIDE_TEBUCONAZOLE
188,APPLICATIONS_IN_LB_FUNGICIDE_FLUXAPYROXAD
189,APPLICATIONS_IN_LB_FUNGICIDE_PROTHIOCONAZOLE
190,APPLICATIONS_IN_LB_FUNGICIDE_SULFUR
191,APPLICATIONS_IN_LB_FUNGICIDE_FLUAZINAM
192,APPLICATIONS_IN_LB_FUNGICIDE_TETRACONAZOLE
193,APPLICATIONS_IN_LB_FUNGICIDE_MYCLOBUTANIL
194,APPLICATIONS_IN_LB_FUNGICIDE_FLUOXASTROBIN
195,APPLICATIONS_IN_LB_FUNGICIDE_THIOPHANATE-METHYL
196,APPLICATIONS_IN_LB_FUNGICIDE_METCONAZOLE
197,APPLICATIONS_IN_LB_FUNGICIDE_CHLOROTHALONIL
198,APPLICATIONS_IN_LB_FUNGICIDE_DIFENOCONAZOLE
199,APPLICATIONS_IN_LB_FUNGICIDE_PICOXYSTROBIN
200,APPLICATIONS_IN_LB_FUNGICIDE_CYPROCONAZOLE
201,APPLICATIONS_IN_LB_FUNGICIDE_FLUOPYRAM
202,APPLICATIONS_IN_LB_FUNGICIDE_MONO-POTASSIUM SALT
203,APPLICATIONS_IN_LB_FUNGICIDE_BOSCALID
204,APPLICATIONS_IN_LB_FUNGICIDE_MEFENOXAM
205,APPLICATIONS_IN_LB_FUNGICIDE_BENZOVINDIFLUPYR
206,APPLICATIONS_IN_LB_FUNGICIDE_CONIOTHYRIUM MINITAN
207,APPLICATIONS_IN_LB_FUNGICIDE_BORAX DECAHYDRATE
208,APPLICATIONS_IN_LB_FUNGICIDE_ISOFETAMID
209,APPLICATIONS_IN_LB_FUNGICIDE_SEDAXANE
210,APPLICATIONS_IN_LB_FUNGICIDE_FLUDIOXONIL
211,APPLICATIONS_IN_LB_FUNGICIDE_FENHEXAMID
212,APPLICATIONS_IN_LB_FUNGICIDE_BACILLUS PUMILUS
213,APPLICATIONS_IN_LB_FUNGICIDE_MANCOZEB
214,APPLICATIONS_IN_LB_FUNGICIDE_ZOXAMIDE
215,APPLICATIONS_IN_LB_FUNGICIDE_STREPTOMYCES LYDICUS
216,APPLICATIONS_IN_LB_FUNGICIDE_CYPRODINIL
217,APPLICATIONS_IN_LB_FUNGICIDE_COPPER CHLORIDE HYD.
218,APPLICATIONS_IN_LB_FUNGICIDE_BASIC COPPER SULFATE
219,APPLICATIONS_IN_LB_/_ACRE_/_APPLICATION_AVG_FUNGICIDE_AZOXYSTROBIN
220,APPLICATIONS_IN_LB_/_ACRE_/_APPLICATION_AVG_FUNGICIDE_PYRACLOSTROBIN
221,APPLICATIONS_IN_LB_/_ACRE_/_APPLICATION_AVG_FUNGICIDE_PROPICONAZOLE
222,APPLICATIONS_IN_LB_/_ACRE_/_APPLICATION_AVG_FUNGICIDE_TRIFLOXYSTROBIN
223,APPLICATIONS_IN_LB_/_ACRE_/_APPLICATION_AVG_FUNGICIDE_TEBUCONAZOLE
224,APPLICATIONS_IN_LB_/_ACRE_/_APPLICATION_AVG_FUNGICIDE_FLUXAPYROXAD
225,APPLICATIONS_IN_LB_/_ACRE_/_APPLICATION_AVG_FUNGICIDE_PROTHIOCONAZOLE
226,APPLICATIONS_IN_LB_/_ACRE_/_APPLICATION_AVG_FUNGICIDE_SULFUR
227,APPLICATIONS_IN_LB_/_ACRE_/_APPLICATION_AVG_FUNGICIDE_FLUAZINAM
228,APPLICATIONS_IN_LB_/_ACRE_/_APPLICATION_AVG_FUNGICIDE_TETRACONAZOLE
229,APPLICATIONS_IN_LB_/_ACRE_/_APPLICATION_AVG_FUNGICIDE_MYCLOBUTANIL
230,APPLICATIONS_IN_LB_/_ACRE_/_APPLICATION_AVG_FUNGICIDE_FLUOXASTROBIN
231,APPLICATIONS_IN_LB_/_ACRE_/_APPLICATION_AVG_FUNGICIDE_THIOPHANATE-METHYL
232,APPLICATIONS_IN_LB_/_ACRE_/_APPLICATION_AVG_FUNGICIDE_METCONAZOLE
233,APPLICATIONS_IN_LB_/_ACRE_/_APPLICATION_AVG_FUNGICIDE_CHLOROTHALONIL
234,APPLICATIONS_IN_LB_/_ACRE_/_APPLICATION_AVG_FUNGICIDE_DIFENOCONAZOLE
235,APPLICATIONS_IN_LB_/_ACRE_/_APPLICATION_AVG_FUNGICIDE_PICOXYSTROBIN
236,APPLICATIONS_IN_LB_/_ACRE_/_APPLICATION_AVG_FUNGICIDE_CYPROCONAZOLE
237,APPLICATIONS_IN_LB_/_ACRE_/_APPLICATION_AVG_FUNGICIDE_FLUOPYRAM
238,APPLICATIONS_IN_LB_/_ACRE_/_APPLICATION_AVG_FUNGICIDE_MONO-POTASSIUM SALT
239,APPLICATIONS_IN_LB_/_ACRE_/_APPLICATION_AVG_FUNGICIDE_BOSCALID
240,APPLICATIONS_IN_LB_/_ACRE_/_APPLICATION_AVG_FUNGICIDE_MEFENOXAM
241,APPLICATIONS_IN_LB_/_ACRE_/_APPLICATION_AVG_FUNGICIDE_BENZOVINDIFLUPYR
242,APPLICATIONS_IN_LB_/_ACRE_/_APPLICATION_AVG_FUNGICIDE_CONIOTHYRIUM MINITAN
243,APPLICATIONS_IN_LB_/_ACRE_/_APPLICATION_AVG_FUNGICIDE_BORAX DECAHYDRATE
244,APPLICATIONS_IN_LB_/_ACRE_/_APPLICATION_AVG_FUNGICIDE_ISOFETAMID
245,APPLICATIONS_IN_LB_/_ACRE_/_APPLICATION_AVG_FUNGICIDE_SEDAXANE
246,APPLICATIONS_IN_LB_/_ACRE_/_APPLICATION_AVG_FUNGICIDE_FLUDIOXONIL
247,APPLICATIONS_IN_LB_/_ACRE_/_APPLICATION_AVG_FUNGICIDE_FENHEXAMID
248,APPLICATIONS_IN_LB_/_ACRE_/_APPLICATION_AVG_FUNGICIDE_BACILLUS PUMILUS
249,APPLICATIONS_IN_LB_/_ACRE_/_APPLICATION_AVG_FUNGICIDE_MANCOZEB
250,APPLICATIONS_IN_LB_/_ACRE_/_APPLICATION_AVG_FUNGICIDE_ZOXAMIDE
251,APPLICATIONS_IN_LB_/_ACRE_/_APPLICATION_AVG_FUNGICIDE_STREPTOMYCES LYDICUS
252,APPLICATIONS_IN_LB_/_ACRE_/_APPLICATION_AVG_FUNGICIDE_CYPRODINIL
253,APPLICATIONS_IN_LB_/_ACRE_/_APPLICATION_AVG_FUNGICIDE_COPPER CHLORIDE HYD.
254,APPLICATIONS_IN_LB_/_ACRE_/_APPLICATION_AVG_FUNGICIDE_BASIC COPPER SULFATE
255,APPLICATIONS_IN_LB_/_ACRE_/_YEAR_AVG_FUNGICIDE_AZOXYSTROBIN
256,APPLICATIONS_IN_LB_/_ACRE_/_YEAR_AVG_FUNGICIDE_PYRACLOSTROBIN
257,APPLICATIONS_IN_LB_/_ACRE_/_YEAR_AVG_FUNGICIDE_PROPICONAZOLE
258,APPLICATIONS_IN_LB_/_ACRE_/_YEAR_AVG_FUNGICIDE_TRIFLOXYSTROBIN
259,APPLICATIONS_IN_LB_/_ACRE_/_YEAR_AVG_FUNGICIDE_TEBUCONAZOLE
260,APPLICATIONS_IN_LB_/_ACRE_/_YEAR_AVG_FUNGICIDE_FLUXAPYROXAD
261,APPLICATIONS_IN_LB_/_ACRE_/_YEAR_AVG_FUNGICIDE_PROTHIOCONAZOLE
262,APPLICATIONS_IN_LB_/_ACRE_/_YEAR_AVG_FUNGICIDE_SULFUR
263,APPLICATIONS_IN_LB_/_ACRE_/_YEAR_AVG_FUNGICIDE_FLUAZINAM
264,APPLICATIONS_IN_LB_/_ACRE_/_YEAR_AVG_FUNGICIDE_TETRACONAZOLE
265,APPLICATIONS_IN_LB_/_ACRE_/_YEAR_AVG_FUNGICIDE_MYCLOBUTANIL
266,APPLICATIONS_IN_LB_/_ACRE_/_YEAR_AVG_FUNGICIDE_FLUOXASTROBIN
267,APPLICATIONS_IN_LB_/_ACRE_/_YEAR_AVG_FUNGICIDE_THIOPHANATE-METHYL
268,APPLICATIONS_IN_LB_/_ACRE_/_YEAR_AVG_FUNGICIDE_METCONAZOLE
269,APPLICATIONS_IN_LB_/_ACRE_/_YEAR_AVG_FUNGICIDE_CHLOROTHALONIL
270,APPLICATIONS_IN_LB_/_ACRE_/_YEAR_AVG_FUNGICIDE_DIFENOCONAZOLE
271,APPLICATIONS_IN_LB_/_ACRE_/_YEAR_AVG_FUNGICIDE_PICOXYSTROBIN
272,APPLICATIONS_IN_LB_/_ACRE_/_YEAR_AVG_FUNGICIDE_CYPROCONAZOLE
273,APPLICATIONS_IN_LB_/_ACRE_/_YEAR_AVG_FUNGICIDE_FLUOPYRAM
274,APPLICATIONS_IN_LB_/_ACRE_/_YEAR_AVG_FUNGICIDE_MONO-POTASSIUM SALT
275,APPLICATIONS_IN_LB_/_ACRE_/_YEAR_AVG_FUNGICIDE_BOSCALID
276,APPLICATIONS_IN_LB_/_ACRE_/_YEAR_AVG_FUNGICIDE_MEFENOXAM
277,APPLICATIONS_IN_LB_/_ACRE_/_YEAR_AVG_FUNGICIDE_BENZOVINDIFLUPYR
278,APPLICATIONS_IN_LB_/_ACRE_/_YEAR_AVG_FUNGICIDE_CONIOTHYRIUM MINITAN
279,APPLICATIONS_IN_LB_/_ACRE_/_YEAR_AVG_FUNGICIDE_BORAX DECAHYDRATE
280,APPLICATIONS_IN_LB_/_ACRE_/_YEAR_AVG_FUNGICIDE_ISOFETAMID
281,APPLICATIONS_IN_LB_/_ACRE_/_YEAR_AVG_FUNGICIDE_SEDAXANE
282,APPLICATIONS_IN_LB_/_ACRE_/_YEAR_AVG_FUNGICIDE_FLUDIOXONIL
283,APPLICATIONS_IN_LB_/_ACRE_/_YEAR_AVG_FUNGICIDE_FENHEXAMID
284,APPLICATIONS_IN_LB_/_ACRE_/_YEAR_AVG_FUNGICIDE_BACILLUS PUMILUS
285,APPLICATIONS_IN_LB_/_ACRE_/_YEAR_AVG_FUNGICIDE_MANCOZEB
286,APPLICATIONS_IN_LB_/_ACRE_/_YEAR_AVG_FUNGICIDE_ZOXAMIDE
287,APPLICATIONS_IN_LB_/_ACRE_/_YEAR_AVG_FUNGICIDE_STREPTOMYCES LYDICUS
288,APPLICATIONS_IN_LB_/_ACRE_/_YEAR_AVG_FUNGICIDE_CYPRODINIL
289,APPLICATIONS_IN_LB_/_ACRE_/_YEAR_AVG_FUNGICIDE_COPPER CHLORIDE HYD.
290,APPLICATIONS_IN_LB_/_ACRE_/_YEAR_AVG_FUNGICIDE_BASIC COPPER SULFATE
291,APPLICATIONS_IN_NUMBER_AVG_FUNGICIDE_AZOXYSTROBIN
292,APPLICATIONS_IN_NUMBER_AVG_FUNGICIDE_PYRACLOSTROBIN
293,APPLICATIONS_IN_NUMBER_AVG_FUNGICIDE_PROPICONAZOLE
294,APPLICATIONS_IN_NUMBER_AVG_FUNGICIDE_TRIFLOXYSTROBIN
295,APPLICATIONS_IN_NUMBER_AVG_FUNGICIDE_TEBUCONAZOLE
296,APPLICATIONS_IN_NUMBER_AVG_FUNGICIDE_FLUXAPYROXAD
297,APPLICATIONS_IN_NUMBER_AVG_FUNGICIDE_PROTHIOCONAZOLE
298,APPLICATIONS_IN_NUMBER_AVG_FUNGICIDE_SULFUR
299,APPLICATIONS_IN_NUMBER_AVG_FUNGICIDE_FLUAZINAM
300,APPLICATIONS_IN_NUMBER_AVG_FUNGICIDE_TETRACONAZOLE
301,APPLICATIONS_IN_NUMBER_AVG_FUNGICIDE_MYCLOBUTANIL
302,APPLICATIONS_IN_NUMBER_AVG_FUNGICIDE_FLUOXASTROBIN
303,APPLICATIONS_IN_NUMBER_AVG_FUNGICIDE_THIOPHANATE-METHYL
304,APPLICATIONS_IN_NUMBER_AVG_FUNGICIDE_METCONAZOLE
305,APPLICATIONS_IN_NUMBER_AVG_FUNGICIDE_CHLOROTHALONIL
306,APPLICATIONS_IN_NUMBER_AVG_FUNGICIDE_DIFENOCONAZOLE
307,APPLICATIONS_IN_NUMBER_AVG_FUNGICIDE_PICOXYSTROBIN
308,APPLICATIONS_IN_NUMBER_AVG_FUNGICIDE_CYPROCONAZOLE
309,APPLICATIONS_IN_NUMBER_AVG_FUNGICIDE_FLUOPYRAM
310,APPLICATIONS_IN_NUMBER_AVG_FUNGICIDE_MONO-POTASSIUM SALT
311,APPLICATIONS_IN_NUMBER_AVG_FUNGICIDE_BOSCALID
312,APPLICATIONS_IN_NUMBER_AVG_FUNGICIDE_MEFENOXAM
313,APPLICATIONS_IN_NUMBER_AVG_FUNGICIDE_BENZOVINDIFLUPYR
314,APPLICATIONS_IN_NUMBER_AVG_FUNGICIDE_CONIOTHYRIUM MINITAN
315,APPLICATIONS_IN_NUMBER_AVG_FUNGICIDE_BORAX DECAHYDRATE
316,APPLICATIONS_IN_NUMBER_AVG_FUNGICIDE_ISOFETAMID
317,APPLICATIONS_IN_NUMBER_AVG_FUNGICIDE_SEDAXANE
318,APPLICATIONS_IN_NUMBER_AVG_FUNGICIDE_FLUDIOXONIL
319,APPLICATIONS_IN_NUMBER_AVG_FUNGICIDE_FENHEXAMID
320,APPLICATIONS_IN_NUMBER_AVG_FUNGICIDE_BACILLUS PUMILUS
321,APPLICATIONS_IN_NUMBER_AVG_FUNGICIDE_MANCOZEB
322,APPLICATIONS_IN_NUMBER_AVG_FUNGICIDE_ZOXAMIDE
323,APPLICATIONS_IN_NUMBER_AVG_FUNGICIDE_STREPTOMYCES LYDICUS
324,APPLICATIONS_IN_NUMBER_AVG_FUNGICIDE_CYPRODINIL
325,APPLICATIONS_IN_NUMBER_AVG_FUNGICIDE_COPPER CHLORIDE HYD.
326,APPLICATIONS_IN_NUMBER_AVG_FUNGICIDE_BASIC COPPER SULFATE
327,TREATED_IN_PCT_OF_AREA_PLANTED_AVG_FUNGICIDE_AZOXYSTROBIN
328,TREATED_IN_PCT_OF_AREA_PLANTED_AVG_FUNGICIDE_PYRACLOSTROBIN
329,TREATED_IN_PCT_OF_AREA_PLANTED_AVG_FUNGICIDE_PROPICONAZOLE
330,TREATED_IN_PCT_OF_AREA_PLANTED_AVG_FUNGICIDE_TRIFLOXYSTROBIN
331,TREATED_IN_PCT_OF_AREA_PLANTED_AVG_FUNGICIDE_TEBUCONAZOLE
332,TREATED_IN_PCT_OF_AREA_PLANTED_AVG_FUNGICIDE_FLUXAPYROXAD
333,TREATED_IN_PCT_OF_AREA_PLANTED_AVG_FUNGICIDE_PROTHIOCONAZOLE
334,TREATED_IN_PCT_OF_AREA_PLANTED_AVG_FUNGICIDE_SULFUR
335,TREATED_IN_PCT_OF_AREA_PLANTED_AVG_FUNGICIDE_FLUAZINAM
336,TREATED_IN_PCT_OF_AREA_PLANTED_AVG_FUNGICIDE_TETRACONAZOLE
337,TREATED_IN_PCT_OF_AREA_PLANTED_AVG_FUNGICIDE_MYCLOBUTANIL
338,TREATED_IN_PCT_OF_AREA_PLANTED_AVG_FUNGICIDE_FLUOXASTROBIN
339,TREATED_IN_PCT_OF_AREA_PLANTED_AVG_FUNGICIDE_THIOPHANATE-METHYL
340,TREATED_IN_PCT_OF_AREA_PLANTED_AVG_FUNGICIDE_METCONAZOLE
341,TREATED_IN_PCT_OF_AREA_PLANTED_AVG_FUNGICIDE_CHLOROTHALONIL
342,TREATED_IN_PCT_OF_AREA_PLANTED_AVG_FUNGICIDE_DIFENOCONAZOLE
343,TREATED_IN_PCT_OF_AREA_PLANTED_AVG_FUNGICIDE_PICOXYSTROBIN
344,TREATED_IN_PCT_OF_AREA_PLANTED_AVG_FUNGICIDE_CYPROCONAZOLE
345,TREATED_IN_PCT_OF_AREA_PLANTED_AVG_FUNGICIDE_FLUOPYRAM
346,TREATED_IN_PCT_OF_AREA_PLANTED_AVG_FUNGICIDE_MONO-POTASSIUM SALT
347,TREATED_IN_PCT_OF_AREA_PLANTED_AVG_FUNGICIDE_BOSCALID
348,TREATED_IN_PCT_OF_AREA_PLANTED_AVG_FUNGICIDE_MEFENOXAM
349,TREATED_IN_PCT_OF_AREA_PLANTED_AVG_FUNGICIDE_BENZOVINDIFLUPYR
350,TREATED_IN_PCT_OF_AREA_PLANTED_AVG_FUNGICIDE_CONIOTHYRIUM MINITAN
351,TREATED_IN_PCT_OF_AREA_PLANTED_AVG_FUNGICIDE_BORAX DECAHYDRATE
352,TREATED_IN_PCT_OF_AREA_PLANTED_AVG_FUNGICIDE_ISOFETAMID
353,TREATED_IN_PCT_OF_AREA_PLANTED_AVG_FUNGICIDE_SEDAXANE
354,TREATED_IN_PCT_OF_AREA_PLANTED_AVG_FUNGICIDE_FLUDIOXONIL
355,TREATED_IN_PCT_OF_AREA_PLANTED_AVG_FUNGICIDE_FENHEXAMID
356,TREATED_IN_PCT_OF_AREA_PLANTED_AVG_FUNGICIDE_BACILLUS PUMILUS
357,TREATED_IN_PCT_OF_AREA_PLANTED_AVG_FUNGICIDE_MANCOZEB
358,TREATED_IN_PCT_OF_AREA_PLANTED_AVG_FUNGICIDE_ZOXAMIDE
359,TREATED_IN_PCT_OF_AREA_PLANTED_AVG_FUNGICIDE_STREPTOMYCES LYDICUS
360,TREATED_IN_PCT_OF_AREA_PLANTED_AVG_FUNGICIDE_CYPRODINIL
361,TREATED_IN_PCT_OF_AREA_PLANTED_AVG_FUNGICIDE_COPPER CHLORIDE HYD.
362,TREATED_IN_PCT_OF_AREA_PLANTED_AVG_FUNGICIDE_BASIC COPPER SULFATE
363,ACIFLUORFEN SODIUM
364,BENTAZON
365,CHLORIMURON-ETHYL
366,CLETHODIM
367,FLUAZIFOP-P-BUTYL
368,FOMESAFEN SODIUM
369,GLYPHOSATE
370,IMAZAQUIN
371,METOLACHLOR
372,METRIBUZIN
373,PENDIMETHALIN
374,QUIZALOFOP-ETHYL
375,SETHOXYDIM
376,TRIFLURALIN
377,IMAZETHAPYR
378,LACTOFEN
379,24-D
380,THIFENSULFURON
381,FENOXAPROP
382,DIMETHENAMID
383,CLOMAZONE
384,FLUMICLORAC-PENTYL
385,FLUMETSULAM
386,ALACHLOR
387,PARAQUAT
388,ETHALFLURALIN
389,LINURON
390,CLORANSULAM-METHYL
391,IMAZAMOX
392,SULFENTRAZONE
393,SULFOSATE
394,S-METOLACHLOR
395,24-D 2-EHE
396,GLYPHOSATE DIA. SALT
397,TRIBENURON-METHYL
398,FLUMIOXAZIN
399,MCPA SODIUM SALT
400,24-DP DIMETH. SALT
401,24-D BEE
402,FLUFENACET
403,GLYPHOSATE ISO. SALT
404,24-D DIMETH. SALT
405,DICAMBA DIMET. SALT
406,GLUFOSINATE-AMMONIUM
407,DIMETHENAMID-P
408,DICAMBA
409,IMAZAQUIN MON. SALT
410,GLYPHOSATE POT. SALT
411,SAFLUFENACIL
412,ATRAZINE
413,FENOXAPROP-P-ETHYL
414,DICAMBA DIGLY. SALT
415,FLUTHIACET-METHYL
416,QUIZALOFOP-P-ETHYL
417,IMAZETHAPYR AMMON.
418,GLYPHOSATE DIM. SALT
419,ACETOCHLOR
420,24-DB DIMETH. SALT
421,THIENCARBAZONE-METHY
422,IODOSULFURON-MET-SOD
423,RIMSULFURON
424,CARFENTRAZONE-ETHYL
425,GLYPHOSATE AMM. SALT
426,CLOPYRALID
427,MCPA 2-ETHYLHEXYL
428,PROPANOIC ACID
429,PYROXASULFONE
430,QUINCLORAC
431,FOMESAFEN
432,AMMONIUM CHLORAMBEN
433,NORFLURAZON
434,MESOTRIONE
435,TOPRAMEZONE
436,24-D CHOLINE SALT
437,IMAZAQUIN SOD. SALT
438,PYRAFLUFEN-ETHYL
439,OXYFLUORFEN
440,FLUCARBAZONE-SODIUM
441,DICAMBA; BAPMA
442,HALOSULFURON-METHYL
443,METSULFURON-METHYL
444,BUTOXYETHYL TRICLOPY
445,PRODIAMINE
446,DIFLUFENZOPYR-SODIUM
447,DICAMBA SODIUM SALT
448,FLUROXYPYR 1-MHE
449,DICAMBA POT. SALT
450,KANTOR
451,CHLORSULFURON
452,ISOXAFLUTOLE
453,DICAMBA ISO SALT
454,24-D ISOPROP. SALT
455,BROMOXYNIL OCTANOATE
456,CLOPYRALID MONO SALT
457,SIMAZINE
458,ETHOFUMESATE
459,BAPMA SALT OF DICAMBA
460,BENSULIDE
461,EPTC
462,DIQUAT DIBROMIDE
463,D-LIMONENE
464,NAPROPAMIDE
465,NICOSULFURON
466,BROMOXYNIL HEPTAN.
467,DIURON
468,BICYCLOPYRONE
469,MCPA DIMETHYL. SALT
470,PYROXSULAM
471,HEXAZINONE
472,HALAUXIFEN-METHYL
473,TEMBOTRIONE
474,24-D TRIISO. SALT
475,APPLICATIONS_IN_LB_HERBICIDE_ACIFLUORFEN SODIUM
476,APPLICATIONS_IN_LB_HERBICIDE_BENTAZON
477,APPLICATIONS_IN_LB_HERBICIDE_CHLORIMURON-ETHYL
478,APPLICATIONS_IN_LB_HERBICIDE_CLETHODIM
479,APPLICATIONS_IN_LB_HERBICIDE_FLUAZIFOP-P-BUTYL
480,APPLICATIONS_IN_LB_HERBICIDE_FOMESAFEN SODIUM
481,APPLICATIONS_IN_LB_HERBICIDE_GLYPHOSATE
482,APPLICATIONS_IN_LB_HERBICIDE_IMAZAQUIN
483,APPLICATIONS_IN_LB_HERBICIDE_METOLACHLOR
484,APPLICATIONS_IN_LB_HERBICIDE_METRIBUZIN
485,APPLICATIONS_IN_LB_HERBICIDE_PENDIMETHALIN
486,APPLICATIONS_IN_LB_HERBICIDE_QUIZALOFOP-ETHYL
487,APPLICATIONS_IN_LB_HERBICIDE_SETHOXYDIM
488,APPLICATIONS_IN_LB_HERBICIDE_TRIFLURALIN
489,APPLICATIONS_IN_LB_HERBICIDE_IMAZETHAPYR
490,APPLICATIONS_IN_LB_HERBICIDE_LACTOFEN
491,APPLICATIONS_IN_LB_HERBICIDE_24-D
492,APPLICATIONS_IN_LB_HERBICIDE_THIFENSULFURON
493,APPLICATIONS_IN_LB_HERBICIDE_FENOXAPROP
494,APPLICATIONS_IN_LB_HERBICIDE_DIMETHENAMID
495,APPLICATIONS_IN_LB_HERBICIDE_CLOMAZONE
496,APPLICATIONS_IN_LB_HERBICIDE_FLUMICLORAC-PENTYL
497,APPLICATIONS_IN_LB_HERBICIDE_FLUMETSULAM
498,APPLICATIONS_IN_LB_HERBICIDE_ALACHLOR
499,APPLICATIONS_IN_LB_HERBICIDE_PARAQUAT
500,APPLICATIONS_IN_LB_HERBICIDE_ETHALFLURALIN
501,APPLICATIONS_IN_LB_HERBICIDE_LINURON
502,APPLICATIONS_IN_LB_HERBICIDE_CLORANSULAM-METHYL
503,APPLICATIONS_IN_LB_HERBICIDE_IMAZAMOX
504,APPLICATIONS_IN_LB_HERBICIDE_SULFENTRAZONE
505,APPLICATIONS_IN_LB_HERBICIDE_SULFOSATE
506,APPLICATIONS_IN_LB_HERBICIDE_S-METOLACHLOR
507,APPLICATIONS_IN_LB_HERBICIDE_24-D 2-EHE
508,APPLICATIONS_IN_LB_HERBICIDE_GLYPHOSATE DIA. SALT
509,APPLICATIONS_IN_LB_HERBICIDE_TRIBENURON-METHYL
510,APPLICATIONS_IN_LB_HERBICIDE_FLUMIOXAZIN
511,APPLICATIONS_IN_LB_HERBICIDE_MCPA SODIUM SALT
512,APPLICATIONS_IN_LB_HERBICIDE_24-DP DIMETH. SALT
513,APPLICATIONS_IN_LB_HERBICIDE_24-D BEE
514,APPLICATIONS_IN_LB_HERBICIDE_FLUFENACET
515,APPLICATIONS_IN_LB_HERBICIDE_GLYPHOSATE ISO. SALT
516,APPLICATIONS_IN_LB_HERBICIDE_24-D DIMETH. SALT
517,APPLICATIONS_IN_LB_HERBICIDE_DICAMBA DIMET. SALT
518,APPLICATIONS_IN_LB_HERBICIDE_GLUFOSINATE-AMMONIUM
519,APPLICATIONS_IN_LB_HERBICIDE_DIMETHENAMID-P
520,APPLICATIONS_IN_LB_HERBICIDE_DICAMBA
521,APPLICATIONS_IN_LB_HERBICIDE_IMAZAQUIN MON. SALT
522,APPLICATIONS_IN_LB_HERBICIDE_GLYPHOSATE POT. SALT
523,APPLICATIONS_IN_LB_HERBICIDE_SAFLUFENACIL
524,APPLICATIONS_IN_LB_HERBICIDE_ATRAZINE
525,APPLICATIONS_IN_LB_HERBICIDE_FENOXAPROP-P-ETHYL
526,APPLICATIONS_IN_LB_HERBICIDE_DICAMBA DIGLY. SALT
527,APPLICATIONS_IN_LB_HERBICIDE_FLUTHIACET-METHYL
528,APPLICATIONS_IN_LB_HERBICIDE_QUIZALOFOP-P-ETHYL
529,APPLICATIONS_IN_LB_HERBICIDE_IMAZETHAPYR AMMON.
530,APPLICATIONS_IN_LB_HERBICIDE_GLYPHOSATE DIM. SALT
531,APPLICATIONS_IN_LB_HERBICIDE_ACETOCHLOR
532,APPLICATIONS_IN_LB_HERBICIDE_24-DB DIMETH. SALT
533,APPLICATIONS_IN_LB_HERBICIDE_THIENCARBAZONE-METHY
534,APPLICATIONS_IN_LB_HERBICIDE_IODOSULFURON-MET-SOD
535,APPLICATIONS_IN_LB_HERBICIDE_RIMSULFURON
536,APPLICATIONS_IN_LB_HERBICIDE_CARFENTRAZONE-ETHYL
537,APPLICATIONS_IN_LB_HERBICIDE_GLYPHOSATE AMM. SALT
538,APPLICATIONS_IN_LB_HERBICIDE_CLOPYRALID
539,APPLICATIONS_IN_LB_HERBICIDE_MCPA 2-ETHYLHEXYL
540,APPLICATIONS_IN_LB_HERBICIDE_PROPANOIC ACID
541,APPLICATIONS_IN_LB_HERBICIDE_PYROXASULFONE
542,APPLICATIONS_IN_LB_HERBICIDE_QUINCLORAC
543,APPLICATIONS_IN_LB_HERBICIDE_FOMESAFEN
544,APPLICATIONS_IN_LB_HERBICIDE_AMMONIUM CHLORAMBEN
545,APPLICATIONS_IN_LB_HERBICIDE_NORFLURAZON
546,APPLICATIONS_IN_LB_HERBICIDE_MESOTRIONE
547,APPLICATIONS_IN_LB_HERBICIDE_TOPRAMEZONE
548,APPLICATIONS_IN_LB_HERBICIDE_24-D CHOLINE SALT
549,APPLICATIONS_IN_LB_HERBICIDE_IMAZAQUIN SOD. SALT
550,APPLICATIONS_IN_LB_HERBICIDE_PYRAFLUFEN-ETHYL
551,APPLICATIONS_IN_LB_HERBICIDE_OXYFLUORFEN
552,APPLICATIONS_IN_LB_HERBICIDE_FLUCARBAZONE-SODIUM
553,APPLICATIONS_IN_LB_HERBICIDE_DICAMBA; BAPMA
554,APPLICATIONS_IN_LB_HERBICIDE_HALOSULFURON-METHYL
555,APPLICATIONS_IN_LB_HERBICIDE_METSULFURON-METHYL
556,APPLICATIONS_IN_LB_HERBICIDE_BUTOXYETHYL TRICLOPY
557,APPLICATIONS_IN_LB_HERBICIDE_PRODIAMINE
558,APPLICATIONS_IN_LB_HERBICIDE_DIFLUFENZOPYR-SODIUM
559,APPLICATIONS_IN_LB_HERBICIDE_DICAMBA SODIUM SALT
560,APPLICATIONS_IN_LB_HERBICIDE_FLUROXYPYR 1-MHE
561,APPLICATIONS_IN_LB_HERBICIDE_DICAMBA POT. SALT
562,APPLICATIONS_IN_LB_HERBICIDE_KANTOR
563,APPLICATIONS_IN_LB_HERBICIDE_CHLORSULFURON
564,APPLICATIONS_IN_LB_HERBICIDE_ISOXAFLUTOLE
565,APPLICATIONS_IN_LB_HERBICIDE_DICAMBA ISO SALT
566,APPLICATIONS_IN_LB_HERBICIDE_24-D ISOPROP. SALT
567,APPLICATIONS_IN_LB_HERBICIDE_BROMOXYNIL OCTANOATE
568,APPLICATIONS_IN_LB_HERBICIDE_CLOPYRALID MONO SALT
569,APPLICATIONS_IN_LB_HERBICIDE_SIMAZINE
570,APPLICATIONS_IN_LB_HERBICIDE_ETHOFUMESATE
571,APPLICATIONS_IN_LB_HERBICIDE_BAPMA SALT OF DICAMBA
572,APPLICATIONS_IN_LB_HERBICIDE_BENSULIDE
573,APPLICATIONS_IN_LB_HERBICIDE_EPTC
574,APPLICATIONS_IN_LB_HERBICIDE_DIQUAT DIBROMIDE
575,APPLICATIONS_IN_LB_HERBICIDE_D-LIMONENE
576,APPLICATIONS_IN_LB_HERBICIDE_NAPROPAMIDE
577,APPLICATIONS_IN_LB_HERBICIDE_NICOSULFURON
578,APPLICATIONS_IN_LB_HERBICIDE_BROMOXYNIL HEPTAN.
579,APPLICATIONS_IN_LB_HERBICIDE_DIURON
580,APPLICATIONS_IN_LB_HERBICIDE_BICYCLOPYRONE
581,APPLICATIONS_IN_LB_HERBICIDE_MCPA DIMETHYL. SALT
582,APPLICATIONS_IN_LB_HERBICIDE_PYROXSULAM
583,APPLICATIONS_IN_LB_HERBICIDE_HEXAZINONE
584,APPLICATIONS_IN_LB_HERBICIDE_HALAUXIFEN-METHYL
585,APPLICATIONS_IN_LB_HERBICIDE_TEMBOTRIONE
586,APPLICATIONS_IN_LB_HERBICIDE_24-D TRIISO. SALT
587,APPLICATIONS_IN_LB_/_ACRE_/_APPLICATION_AVG_HERBICIDE_ACIFLUORFEN SODIUM
588,APPLICATIONS_IN_LB_/_ACRE_/_APPLICATION_AVG_HERBICIDE_BENTAZON
589,APPLICATIONS_IN_LB_/_ACRE_/_APPLICATION_AVG_HERBICIDE_CHLORIMURON-ETHYL
590,APPLICATIONS_IN_LB_/_ACRE_/_APPLICATION_AVG_HERBICIDE_CLETHODIM
591,APPLICATIONS_IN_LB_/_ACRE_/_APPLICATION_AVG_HERBICIDE_FLUAZIFOP-P-BUTYL
592,APPLICATIONS_IN_LB_/_ACRE_/_APPLICATION_AVG_HERBICIDE_FOMESAFEN SODIUM
593,APPLICATIONS_IN_LB_/_ACRE_/_APPLICATION_AVG_HERBICIDE_GLYPHOSATE
594,APPLICATIONS_IN_LB_/_ACRE_/_APPLICATION_AVG_HERBICIDE_IMAZAQUIN
595,APPLICATIONS_IN_LB_/_ACRE_/_APPLICATION_AVG_HERBICIDE_METOLACHLOR
596,APPLICATIONS_IN_LB_/_ACRE_/_APPLICATION_AVG_HERBICIDE_METRIBUZIN
597,APPLICATIONS_IN_LB_/_ACRE_/_APPLICATION_AVG_HERBICIDE_PENDIMETHALIN
598,APPLICATIONS_IN_LB_/_ACRE_/_APPLICATION_AVG_HERBICIDE_QUIZALOFOP-ETHYL
599,APPLICATIONS_IN_LB_/_ACRE_/_APPLICATION_AVG_HERBICIDE_SETHOXYDIM
600,APPLICATIONS_IN_LB_/_ACRE_/_APPLICATION_AVG_HERBICIDE_TRIFLURALIN
601,APPLICATIONS_IN_LB_/_ACRE_/_APPLICATION_AVG_HERBICIDE_IMAZETHAPYR
602,APPLICATIONS_IN_LB_/_ACRE_/_APPLICATION_AVG_HERBICIDE_LACTOFEN
603,APPLICATIONS_IN_LB_/_ACRE_/_APPLICATION_AVG_HERBICIDE_24-D
604,APPLICATIONS_IN_LB_/_ACRE_/_APPLICATION_AVG_HERBICIDE_THIFENSULFURON
605,APPLICATIONS_IN_LB_/_ACRE_/_APPLICATION_AVG_HERBICIDE_FENOXAPROP
606,APPLICATIONS_IN_LB_/_ACRE_/_APPLICATION_AVG_HERBICIDE_DIMETHENAMID
607,APPLICATIONS_IN_LB_/_ACRE_/_APPLICATION_AVG_HERBICIDE_CLOMAZONE
608,APPLICATIONS_IN_LB_/_ACRE_/_APPLICATION_AVG_HERBICIDE_FLUMICLORAC-PENTYL
609,APPLICATIONS_IN_LB_/_ACRE_/_APPLICATION_AVG_HERBICIDE_FLUMETSULAM
610,APPLICATIONS_IN_LB_/_ACRE_/_APPLICATION_AVG_HERBICIDE_ALACHLOR
611,APPLICATIONS_IN_LB_/_ACRE_/_APPLICATION_AVG_HERBICIDE_PARAQUAT
612,APPLICATIONS_IN_LB_/_ACRE_/_APPLICATION_AVG_HERBICIDE_ETHALFLURALIN
613,APPLICATIONS_IN_LB_/_ACRE_/_APPLICATION_AVG_HERBICIDE_LINURON
614,APPLICATIONS_IN_LB_/_ACRE_/_APPLICATION_AVG_HERBICIDE_CLORANSULAM-METHYL
615,APPLICATIONS_IN_LB_/_ACRE_/_APPLICATION_AVG_HERBICIDE_IMAZAMOX
616,APPLICATIONS_IN_LB_/_ACRE_/_APPLICATION_AVG_HERBICIDE_SULFENTRAZONE
617,APPLICATIONS_IN_LB_/_ACRE_/_APPLICATION_AVG_HERBICIDE_SULFOSATE
618,APPLICATIONS_IN_LB_/_ACRE_/_APPLICATION_AVG_HERBICIDE_S-METOLACHLOR
619,APPLICATIONS_IN_LB_/_ACRE_/_APPLICATION_AVG_HERBICIDE_24-D 2-EHE
620,APPLICATIONS_IN_LB_/_ACRE_/_APPLICATION_AVG_HERBICIDE_GLYPHOSATE DIA. SALT
621,APPLICATIONS_IN_LB_/_ACRE_/_APPLICATION_AVG_HERBICIDE_TRIBENURON-METHYL
622,APPLICATIONS_IN_LB_/_ACRE_/_APPLICATION_AVG_HERBICIDE_FLUMIOXAZIN
623,APPLICATIONS_IN_LB_/_ACRE_/_APPLICATION_AVG_HERBICIDE_MCPA SODIUM SALT
624,APPLICATIONS_IN_LB_/_ACRE_/_APPLICATION_AVG_HERBICIDE_24-DP DIMETH. SALT
625,APPLICATIONS_IN_LB_/_ACRE_/_APPLICATION_AVG_HERBICIDE_24-D BEE
626,APPLICATIONS_IN_LB_/_ACRE_/_APPLICATION_AVG_HERBICIDE_FLUFENACET
627,APPLICATIONS_IN_LB_/_ACRE_/_APPLICATION_AVG_HERBICIDE_GLYPHOSATE ISO. SALT
628,APPLICATIONS_IN_LB_/_ACRE_/_APPLICATION_AVG_HERBICIDE_24-D DIMETH. SALT
629,APPLICATIONS_IN_LB_/_ACRE_/_APPLICATION_AVG_HERBICIDE_DICAMBA DIMET. SALT
630,APPLICATIONS_IN_LB_/_ACRE_/_APPLICATION_AVG_HERBICIDE_GLUFOSINATE-AMMONIUM
631,APPLICATIONS_IN_LB_/_ACRE_/_APPLICATION_AVG_HERBICIDE_DIMETHENAMID-P
632,APPLICATIONS_IN_LB_/_ACRE_/_APPLICATION_AVG_HERBICIDE_DICAMBA
633,APPLICATIONS_IN_LB_/_ACRE_/_APPLICATION_AVG_HERBICIDE_IMAZAQUIN MON. SALT
634,APPLICATIONS_IN_LB_/_ACRE_/_APPLICATION_AVG_HERBICIDE_GLYPHOSATE POT. SALT
635,APPLICATIONS_IN_LB_/_ACRE_/_APPLICATION_AVG_HERBICIDE_SAFLUFENACIL
636,APPLICATIONS_IN_LB_/_ACRE_/_APPLICATION_AVG_HERBICIDE_ATRAZINE
637,APPLICATIONS_IN_LB_/_ACRE_/_APPLICATION_AVG_HERBICIDE_FENOXAPROP-P-ETHYL
638,APPLICATIONS_IN_LB_/_ACRE_/_APPLICATION_AVG_HERBICIDE_DICAMBA DIGLY. SALT
639,APPLICATIONS_IN_LB_/_ACRE_/_APPLICATION_AVG_HERBICIDE_FLUTHIACET-METHYL
640,APPLICATIONS_IN_LB_/_ACRE_/_APPLICATION_AVG_HERBICIDE_QUIZALOFOP-P-ETHYL
641,APPLICATIONS_IN_LB_/_ACRE_/_APPLICATION_AVG_HERBICIDE_IMAZETHAPYR AMMON.
642,APPLICATIONS_IN_LB_/_ACRE_/_APPLICATION_AVG_HERBICIDE_GLYPHOSATE DIM. SALT
643,APPLICATIONS_IN_LB_/_ACRE_/_APPLICATION_AVG_HERBICIDE_ACETOCHLOR
644,APPLICATIONS_IN_LB_/_ACRE_/_APPLICATION_AVG_HERBICIDE_24-DB DIMETH. SALT
645,APPLICATIONS_IN_LB_/_ACRE_/_APPLICATION_AVG_HERBICIDE_THIENCARBAZONE-METHY
646,APPLICATIONS_IN_LB_/_ACRE_/_APPLICATION_AVG_HERBICIDE_IODOSULFURON-MET-SOD
647,APPLICATIONS_IN_LB_/_ACRE_/_APPLICATION_AVG_HERBICIDE_RIMSULFURON
648,APPLICATIONS_IN_LB_/_ACRE_/_APPLICATION_AVG_HERBICIDE_CARFENTRAZONE-ETHYL
649,APPLICATIONS_IN_LB_/_ACRE_/_APPLICATION_AVG_HERBICIDE_GLYPHOSATE AMM. SALT
650,APPLICATIONS_IN_LB_/_ACRE_/_APPLICATION_AVG_HERBICIDE_CLOPYRALID
651,APPLICATIONS_IN_LB_/_ACRE_/_APPLICATION_AVG_HERBICIDE_MCPA 2-ETHYLHEXYL
652,APPLICATIONS_IN_LB_/_ACRE_/_APPLICATION_AVG_HERBICIDE_PROPANOIC ACID
653,APPLICATIONS_IN_LB_/_ACRE_/_APPLICATION_AVG_HERBICIDE_PYROXASULFONE
654,APPLICATIONS_IN_LB_/_ACRE_/_APPLICATION_AVG_HERBICIDE_QUINCLORAC
655,APPLICATIONS_IN_LB_/_ACRE_/_APPLICATION_AVG_HERBICIDE_FOMESAFEN
656,APPLICATIONS_IN_LB_/_ACRE_/_APPLICATION_AVG_HERBICIDE_AMMONIUM CHLORAMBEN
657,APPLICATIONS_IN_LB_/_ACRE_/_APPLICATION_AVG_HERBICIDE_NORFLURAZON
658,APPLICATIONS_IN_LB_/_ACRE_/_APPLICATION_AVG_HERBICIDE_MESOTRIONE
659,APPLICATIONS_IN_LB_/_ACRE_/_APPLICATION_AVG_HERBICIDE_TOPRAMEZONE
660,APPLICATIONS_IN_LB_/_ACRE_/_APPLICATION_AVG_HERBICIDE_24-D CHOLINE SALT
661,APPLICATIONS_IN_LB_/_ACRE_/_APPLICATION_AVG_HERBICIDE_IMAZAQUIN SOD. SALT
662,APPLICATIONS_IN_LB_/_ACRE_/_APPLICATION_AVG_HERBICIDE_PYRAFLUFEN-ETHYL
663,APPLICATIONS_IN_LB_/_ACRE_/_APPLICATION_AVG_HERBICIDE_OXYFLUORFEN
664,APPLICATIONS_IN_LB_/_ACRE_/_APPLICATION_AVG_HERBICIDE_FLUCARBAZONE-SODIUM
665,APPLICATIONS_IN_LB_/_ACRE_/_APPLICATION_AVG_HERBICIDE_DICAMBA; BAPMA
666,APPLICATIONS_IN_LB_/_ACRE_/_APPLICATION_AVG_HERBICIDE_HALOSULFURON-METHYL
667,APPLICATIONS_IN_LB_/_ACRE_/_APPLICATION_AVG_HERBICIDE_METSULFURON-METHYL
668,APPLICATIONS_IN_LB_/_ACRE_/_APPLICATION_AVG_HERBICIDE_BUTOXYETHYL TRICLOPY
669,APPLICATIONS_IN_LB_/_ACRE_/_APPLICATION_AVG_HERBICIDE_PRODIAMINE
670,APPLICATIONS_IN_LB_/_ACRE_/_APPLICATION_AVG_HERBICIDE_DIFLUFENZOPYR-SODIUM
671,APPLICATIONS_IN_LB_/_ACRE_/_APPLICATION_AVG_HERBICIDE_DICAMBA SODIUM SALT
672,APPLICATIONS_IN_LB_/_ACRE_/_APPLICATION_AVG_HERBICIDE_FLUROXYPYR 1-MHE
673,APPLICATIONS_IN_LB_/_ACRE_/_APPLICATION_AVG_HERBICIDE_DICAMBA POT. SALT
674,APPLICATIONS_IN_LB_/_ACRE_/_APPLICATION_AVG_HERBICIDE_KANTOR
675,APPLICATIONS_IN_LB_/_ACRE_/_APPLICATION_AVG_HERBICIDE_CHLORSULFURON
676,APPLICATIONS_IN_LB_/_ACRE_/_APPLICATION_AVG_HERBICIDE_ISOXAFLUTOLE
677,APPLICATIONS_IN_LB_/_ACRE_/_APPLICATION_AVG_HERBICIDE_DICAMBA ISO SALT
678,APPLICATIONS_IN_LB_/_ACRE_/_APPLICATION_AVG_HERBICIDE_24-D ISOPROP. SALT
679,APPLICATIONS_IN_LB_/_ACRE_/_APPLICATION_AVG_HERBICIDE_BROMOXYNIL OCTANOATE
680,APPLICATIONS_IN_LB_/_ACRE_/_APPLICATION_AVG_HERBICIDE_CLOPYRALID MONO SALT
681,APPLICATIONS_IN_LB_/_ACRE_/_APPLICATION_AVG_HERBICIDE_SIMAZINE
682,APPLICATIONS_IN_LB_/_ACRE_/_APPLICATION_AVG_HERBICIDE_ETHOFUMESATE
683,APPLICATIONS_IN_LB_/_ACRE_/_APPLICATION_AVG_HERBICIDE_BAPMA SALT OF DICAMBA
684,APPLICATIONS_IN_LB_/_ACRE_/_APPLICATION_AVG_HERBICIDE_BENSULIDE
685,APPLICATIONS_IN_LB_/_ACRE_/_APPLICATION_AVG_HERBICIDE_EPTC
686,APPLICATIONS_IN_LB_/_ACRE_/_APPLICATION_AVG_HERBICIDE_DIQUAT DIBROMIDE
687,APPLICATIONS_IN_LB_/_ACRE_/_APPLICATION_AVG_HERBICIDE_D-LIMONENE
688,APPLICATIONS_IN_LB_/_ACRE_/_APPLICATION_AVG_HERBICIDE_NAPROPAMIDE
689,APPLICATIONS_IN_LB_/_ACRE_/_APPLICATION_AVG_HERBICIDE_NICOSULFURON
690,APPLICATIONS_IN_LB_/_ACRE_/_APPLICATION_AVG_HERBICIDE_BROMOXYNIL HEPTAN.
691,APPLICATIONS_IN_LB_/_ACRE_/_APPLICATION_AVG_HERBICIDE_DIURON
692,APPLICATIONS_IN_LB_/_ACRE_/_APPLICATION_AVG_HERBICIDE_BICYCLOPYRONE
693,APPLICATIONS_IN_LB_/_ACRE_/_APPLICATION_AVG_HERBICIDE_MCPA DIMETHYL. SALT
694,APPLICATIONS_IN_LB_/_ACRE_/_APPLICATION_AVG_HERBICIDE_PYROXSULAM
695,APPLICATIONS_IN_LB_/_ACRE_/_APPLICATION_AVG_HERBICIDE_HEXAZINONE
696,APPLICATIONS_IN_LB_/_ACRE_/_APPLICATION_AVG_HERBICIDE_HALAUXIFEN-METHYL
697,APPLICATIONS_IN_LB_/_ACRE_/_APPLICATION_AVG_HERBICIDE_TEMBOTRIONE
698,APPLICATIONS_IN_LB_/_ACRE_/_APPLICATION_AVG_HERBICIDE_24-D TRIISO. SALT
699,APPLICATIONS_IN_LB_/_ACRE_/_YEAR_AVG_HERBICIDE_ACIFLUORFEN SODIUM
700,APPLICATIONS_IN_LB_/_ACRE_/_YEAR_AVG_HERBICIDE_BENTAZON
701,APPLICATIONS_IN_LB_/_ACRE_/_YEAR_AVG_HERBICIDE_CHLORIMURON-ETHYL
702,APPLICATIONS_IN_LB_/_ACRE_/_YEAR_AVG_HERBICIDE_CLETHODIM
703,APPLICATIONS_IN_LB_/_ACRE_/_YEAR_AVG_HERBICIDE_FLUAZIFOP-P-BUTYL
704,APPLICATIONS_IN_LB_/_ACRE_/_YEAR_AVG_HERBICIDE_FOMESAFEN SODIUM
705,APPLICATIONS_IN_LB_/_ACRE_/_YEAR_AVG_HERBICIDE_GLYPHOSATE
706,APPLICATIONS_IN_LB_/_ACRE_/_YEAR_AVG_HERBICIDE_IMAZAQUIN
707,APPLICATIONS_IN_LB_/_ACRE_/_YEAR_AVG_HERBICIDE_METOLACHLOR
708,APPLICATIONS_IN_LB_/_ACRE_/_YEAR_AVG_HERBICIDE_METRIBUZIN
709,APPLICATIONS_IN_LB_/_ACRE_/_YEAR_AVG_HERBICIDE_PENDIMETHALIN
710,APPLICATIONS_IN_LB_/_ACRE_/_YEAR_AVG_HERBICIDE_QUIZALOFOP-ETHYL
711,APPLICATIONS_IN_LB_/_ACRE_/_YEAR_AVG_HERBICIDE_SETHOXYDIM
712,APPLICATIONS_IN_LB_/_ACRE_/_YEAR_AVG_HERBICIDE_TRIFLURALIN
713,APPLICATIONS_IN_LB_/_ACRE_/_YEAR_AVG_HERBICIDE_IMAZETHAPYR
714,APPLICATIONS_IN_LB_/_ACRE_/_YEAR_AVG_HERBICIDE_LACTOFEN
715,APPLICATIONS_IN_LB_/_ACRE_/_YEAR_AVG_HERBICIDE_24-D
716,APPLICATIONS_IN_LB_/_ACRE_/_YEAR_AVG_HERBICIDE_THIFENSULFURON
717,APPLICATIONS_IN_LB_/_ACRE_/_YEAR_AVG_HERBICIDE_FENOXAPROP
718,APPLICATIONS_IN_LB_/_ACRE_/_YEAR_AVG_HERBICIDE_DIMETHENAMID
719,APPLICATIONS_IN_LB_/_ACRE_/_YEAR_AVG_HERBICIDE_CLOMAZONE
720,APPLICATIONS_IN_LB_/_ACRE_/_YEAR_AVG_HERBICIDE_FLUMICLORAC-PENTYL
721,APPLICATIONS_IN_LB_/_ACRE_/_YEAR_AVG_HERBICIDE_FLUMETSULAM
722,APPLICATIONS_IN_LB_/_ACRE_/_YEAR_AVG_HERBICIDE_ALACHLOR
723,APPLICATIONS_IN_LB_/_ACRE_/_YEAR_AVG_HERBICIDE_PARAQUAT
724,APPLICATIONS_IN_LB_/_ACRE_/_YEAR_AVG_HERBICIDE_ETHALFLURALIN
725,APPLICATIONS_IN_LB_/_ACRE_/_YEAR_AVG_HERBICIDE_LINURON
726,APPLICATIONS_IN_LB_/_ACRE_/_YEAR_AVG_HERBICIDE_CLORANSULAM-METHYL
727,APPLICATIONS_IN_LB_/_ACRE_/_YEAR_AVG_HERBICIDE_IMAZAMOX
728,APPLICATIONS_IN_LB_/_ACRE_/_YEAR_AVG_HERBICIDE_SULFENTRAZONE
729,APPLICATIONS_IN_LB_/_ACRE_/_YEAR_AVG_HERBICIDE_SULFOSATE
730,APPLICATIONS_IN_LB_/_ACRE_/_YEAR_AVG_HERBICIDE_S-METOLACHLOR
731,APPLICATIONS_IN_LB_/_ACRE_/_YEAR_AVG_HERBICIDE_24-D 2-EHE
732,APPLICATIONS_IN_LB_/_ACRE_/_YEAR_AVG_HERBICIDE_GLYPHOSATE DIA. SALT
733,APPLICATIONS_IN_LB_/_ACRE_/_YEAR_AVG_HERBICIDE_TRIBENURON-METHYL
734,APPLICATIONS_IN_LB_/_ACRE_/_YEAR_AVG_HERBICIDE_FLUMIOXAZIN
735,APPLICATIONS_IN_LB_/_ACRE_/_YEAR_AVG_HERBICIDE_MCPA SODIUM SALT
736,APPLICATIONS_IN_LB_/_ACRE_/_YEAR_AVG_HERBICIDE_24-DP DIMETH. SALT
737,APPLICATIONS_IN_LB_/_ACRE_/_YEAR_AVG_HERBICIDE_24-D BEE
738,APPLICATIONS_IN_LB_/_ACRE_/_YEAR_AVG_HERBICIDE_FLUFENACET
739,APPLICATIONS_IN_LB_/_ACRE_/_YEAR_AVG_HERBICIDE_GLYPHOSATE ISO. SALT
740,APPLICATIONS_IN_LB_/_ACRE_/_YEAR_AVG_HERBICIDE_24-D DIMETH. SALT
741,APPLICATIONS_IN_LB_/_ACRE_/_YEAR_AVG_HERBICIDE_DICAMBA DIMET. SALT
742,APPLICATIONS_IN_LB_/_ACRE_/_YEAR_AVG_HERBICIDE_GLUFOSINATE-AMMONIUM
743,APPLICATIONS_IN_LB_/_ACRE_/_YEAR_AVG_HERBICIDE_DIMETHENAMID-P
744,APPLICATIONS_IN_LB_/_ACRE_/_YEAR_AVG_HERBICIDE_DICAMBA
745,APPLICATIONS_IN_LB_/_ACRE_/_YEAR_AVG_HERBICIDE_IMAZAQUIN MON. SALT
746,APPLICATIONS_IN_LB_/_ACRE_/_YEAR_AVG_HERBICIDE_GLYPHOSATE POT. SALT
747,APPLICATIONS_IN_LB_/_ACRE_/_YEAR_AVG_HERBICIDE_SAFLUFENACIL
748,APPLICATIONS_IN_LB_/_ACRE_/_YEAR_AVG_HERBICIDE_ATRAZINE
749,APPLICATIONS_IN_LB_/_ACRE_/_YEAR_AVG_HERBICIDE_FENOXAPROP-P-ETHYL
750,APPLICATIONS_IN_LB_/_ACRE_/_YEAR_AVG_HERBICIDE_DICAMBA DIGLY. SALT
751,APPLICATIONS_IN_LB_/_ACRE_/_YEAR_AVG_HERBICIDE_FLUTHIACET-METHYL
752,APPLICATIONS_IN_LB_/_ACRE_/_YEAR_AVG_HERBICIDE_QUIZALOFOP-P-ETHYL
753,APPLICATIONS_IN_LB_/_ACRE_/_YEAR_AVG_HERBICIDE_IMAZETHAPYR AMMON.
754,APPLICATIONS_IN_LB_/_ACRE_/_YEAR_AVG_HERBICIDE_GLYPHOSATE DIM. SALT
755,APPLICATIONS_IN_LB_/_ACRE_/_YEAR_AVG_HERBICIDE_ACETOCHLOR
756,APPLICATIONS_IN_LB_/_ACRE_/_YEAR_AVG_HERBICIDE_24-DB DIMETH. SALT
757,APPLICATIONS_IN_LB_/_ACRE_/_YEAR_AVG_HERBICIDE_THIENCARBAZONE-METHY
758,APPLICATIONS_IN_LB_/_ACRE_/_YEAR_AVG_HERBICIDE_IODOSULFURON-MET-SOD
759,APPLICATIONS_IN_LB_/_ACRE_/_YEAR_AVG_HERBICIDE_RIMSULFURON
760,APPLICATIONS_IN_LB_/_ACRE_/_YEAR_AVG_HERBICIDE_CARFENTRAZONE-ETHYL
761,APPLICATIONS_IN_LB_/_ACRE_/_YEAR_AVG_HERBICIDE_GLYPHOSATE AMM. SALT
762,APPLICATIONS_IN_LB_/_ACRE_/_YEAR_AVG_HERBICIDE_CLOPYRALID
763,APPLICATIONS_IN_LB_/_ACRE_/_YEAR_AVG_HERBICIDE_MCPA 2-ETHYLHEXYL
764,APPLICATIONS_IN_LB_/_ACRE_/_YEAR_AVG_HERBICIDE_PROPANOIC ACID
765,APPLICATIONS_IN_LB_/_ACRE_/_YEAR_AVG_HERBICIDE_PYROXASULFONE
766,APPLICATIONS_IN_LB_/_ACRE_/_YEAR_AVG_HERBICIDE_QUINCLORAC
767,APPLICATIONS_IN_LB_/_ACRE_/_YEAR_AVG_HERBICIDE_FOMESAFEN
768,APPLICATIONS_IN_LB_/_ACRE_/_YEAR_AVG_HERBICIDE_AMMONIUM CHLORAMBEN
769,APPLICATIONS_IN_LB_/_ACRE_/_YEAR_AVG_HERBICIDE_NORFLURAZON
770,APPLICATIONS_IN_LB_/_ACRE_/_YEAR_AVG_HERBICIDE_MESOTRIONE
771,APPLICATIONS_IN_LB_/_ACRE_/_YEAR_AVG_HERBICIDE_TOPRAMEZONE
772,APPLICATIONS_IN_LB_/_ACRE_/_YEAR_AVG_HERBICIDE_24-D CHOLINE SALT
773,APPLICATIONS_IN_LB_/_ACRE_/_YEAR_AVG_HERBICIDE_IMAZAQUIN SOD. SALT
774,APPLICATIONS_IN_LB_/_ACRE_/_YEAR_AVG_HERBICIDE_PYRAFLUFEN-ETHYL
775,APPLICATIONS_IN_LB_/_ACRE_/_YEAR_AVG_HERBICIDE_OXYFLUORFEN
776,APPLICATIONS_IN_LB_/_ACRE_/_YEAR_AVG_HERBICIDE_FLUCARBAZONE-SODIUM
777,APPLICATIONS_IN_LB_/_ACRE_/_YEAR_AVG_HERBICIDE_DICAMBA; BAPMA
778,APPLICATIONS_IN_LB_/_ACRE_/_YEAR_AVG_HERBICIDE_HALOSULFURON-METHYL
779,APPLICATIONS_IN_LB_/_ACRE_/_YEAR_AVG_HERBICIDE_METSULFURON-METHYL
780,APPLICATIONS_IN_LB_/_ACRE_/_YEAR_AVG_HERBICIDE_BUTOXYETHYL TRICLOPY
781,APPLICATIONS_IN_LB_/_ACRE_/_YEAR_AVG_HERBICIDE_PRODIAMINE
782,APPLICATIONS_IN_LB_/_ACRE_/_YEAR_AVG_HERBICIDE_DIFLUFENZOPYR-SODIUM
783,APPLICATIONS_IN_LB_/_ACRE_/_YEAR_AVG_HERBICIDE_DICAMBA SODIUM SALT
784,APPLICATIONS_IN_LB_/_ACRE_/_YEAR_AVG_HERBICIDE_FLUROXYPYR 1-MHE
785,APPLICATIONS_IN_LB_/_ACRE_/_YEAR_AVG_HERBICIDE_DICAMBA POT. SALT
786,APPLICATIONS_IN_LB_/_ACRE_/_YEAR_AVG_HERBICIDE_KANTOR
787,APPLICATIONS_IN_LB_/_ACRE_/_YEAR_AVG_HERBICIDE_CHLORSULFURON
788,APPLICATIONS_IN_LB_/_ACRE_/_YEAR_AVG_HERBICIDE_ISOXAFLUTOLE
789,APPLICATIONS_IN_LB_/_ACRE_/_YEAR_AVG_HERBICIDE_DICAMBA ISO SALT
790,APPLICATIONS_IN_LB_/_ACRE_/_YEAR_AVG_HERBICIDE_24-D ISOPROP. SALT
791,APPLICATIONS_IN_LB_/_ACRE_/_YEAR_AVG_HERBICIDE_BROMOXYNIL OCTANOATE
792,APPLICATIONS_IN_LB_/_ACRE_/_YEAR_AVG_HERBICIDE_CLOPYRALID MONO SALT
793,APPLICATIONS_IN_LB_/_ACRE_/_YEAR_AVG_HERBICIDE_SIMAZINE
794,APPLICATIONS_IN_LB_/_ACRE_/_YEAR_AVG_HERBICIDE_ETHOFUMESATE
795,APPLICATIONS_IN_LB_/_ACRE_/_YEAR_AVG_HERBICIDE_BAPMA SALT OF DICAMBA
796,APPLICATIONS_IN_LB_/_ACRE_/_YEAR_AVG_HERBICIDE_BENSULIDE
797,APPLICATIONS_IN_LB_/_ACRE_/_YEAR_AVG_HERBICIDE_EPTC
798,APPLICATIONS_IN_LB_/_ACRE_/_YEAR_AVG_HERBICIDE_DIQUAT DIBROMIDE
799,APPLICATIONS_IN_LB_/_ACRE_/_YEAR_AVG_HERBICIDE_D-LIMONENE
800,APPLICATIONS_IN_LB_/_ACRE_/_YEAR_AVG_HERBICIDE_NAPROPAMIDE
801,APPLICATIONS_IN_LB_/_ACRE_/_YEAR_AVG_HERBICIDE_NICOSULFURON
802,APPLICATIONS_IN_LB_/_ACRE_/_YEAR_AVG_HERBICIDE_BROMOXYNIL HEPTAN.
803,APPLICATIONS_IN_LB_/_ACRE_/_YEAR_AVG_HERBICIDE_DIURON
804,APPLICATIONS_IN_LB_/_ACRE_/_YEAR_AVG_HERBICIDE_BICYCLOPYRONE
805,APPLICATIONS_IN_LB_/_ACRE_/_YEAR_AVG_HERBICIDE_MCPA DIMETHYL. SALT
806,APPLICATIONS_IN_LB_/_ACRE_/_YEAR_AVG_HERBICIDE_PYROXSULAM
807,APPLICATIONS_IN_LB_/_ACRE_/_YEAR_AVG_HERBICIDE_HEXAZINONE
808,APPLICATIONS_IN_LB_/_ACRE_/_YEAR_AVG_HERBICIDE_HALAUXIFEN-METHYL
809,APPLICATIONS_IN_LB_/_ACRE_/_YEAR_AVG_HERBICIDE_TEMBOTRIONE
810,APPLICATIONS_IN_LB_/_ACRE_/_YEAR_AVG_HERBICIDE_24-D TRIISO. SALT
811,APPLICATIONS_IN_NUMBER_AVG_HERBICIDE_ACIFLUORFEN SODIUM
812,APPLICATIONS_IN_NUMBER_AVG_HERBICIDE_BENTAZON
813,APPLICATIONS_IN_NUMBER_AVG_HERBICIDE_CHLORIMURON-ETHYL
814,APPLICATIONS_IN_NUMBER_AVG_HERBICIDE_CLETHODIM
815,APPLICATIONS_IN_NUMBER_AVG_HERBICIDE_FLUAZIFOP-P-BUTYL
816,APPLICATIONS_IN_NUMBER_AVG_HERBICIDE_FOMESAFEN SODIUM
817,APPLICATIONS_IN_NUMBER_AVG_HERBICIDE_GLYPHOSATE
818,APPLICATIONS_IN_NUMBER_AVG_HERBICIDE_IMAZAQUIN
819,APPLICATIONS_IN_NUMBER_AVG_HERBICIDE_METOLACHLOR
820,APPLICATIONS_IN_NUMBER_AVG_HERBICIDE_METRIBUZIN
821,APPLICATIONS_IN_NUMBER_AVG_HERBICIDE_PENDIMETHALIN
822,APPLICATIONS_IN_NUMBER_AVG_HERBICIDE_QUIZALOFOP-ETHYL
823,APPLICATIONS_IN_NUMBER_AVG_HERBICIDE_SETHOXYDIM
824,APPLICATIONS_IN_NUMBER_AVG_HERBICIDE_TRIFLURALIN
825,APPLICATIONS_IN_NUMBER_AVG_HERBICIDE_IMAZETHAPYR
826,APPLICATIONS_IN_NUMBER_AVG_HERBICIDE_LACTOFEN
827,APPLICATIONS_IN_NUMBER_AVG_HERBICIDE_24-D
828,APPLICATIONS_IN_NUMBER_AVG_HERBICIDE_THIFENSULFURON
829,APPLICATIONS_IN_NUMBER_AVG_HERBICIDE_FENOXAPROP
830,APPLICATIONS_IN_NUMBER_AVG_HERBICIDE_DIMETHENAMID
831,APPLICATIONS_IN_NUMBER_AVG_HERBICIDE_CLOMAZONE
832,APPLICATIONS_IN_NUMBER_AVG_HERBICIDE_FLUMICLORAC-PENTYL
833,APPLICATIONS_IN_NUMBER_AVG_HERBICIDE_FLUMETSULAM
834,APPLICATIONS_IN_NUMBER_AVG_HERBICIDE_ALACHLOR
835,APPLICATIONS_IN_NUMBER_AVG_HERBICIDE_PARAQUAT
836,APPLICATIONS_IN_NUMBER_AVG_HERBICIDE_ETHALFLURALIN
837,APPLICATIONS_IN_NUMBER_AVG_HERBICIDE_LINURON
838,APPLICATIONS_IN_NUMBER_AVG_HERBICIDE_CLORANSULAM-METHYL
839,APPLICATIONS_IN_NUMBER_AVG_HERBICIDE_IMAZAMOX
840,APPLICATIONS_IN_NUMBER_AVG_HERBICIDE_SULFENTRAZONE
841,APPLICATIONS_IN_NUMBER_AVG_HERBICIDE_SULFOSATE
842,APPLICATIONS_IN_NUMBER_AVG_HERBICIDE_S-METOLACHLOR
843,APPLICATIONS_IN_NUMBER_AVG_HERBICIDE_24-D 2-EHE
844,APPLICATIONS_IN_NUMBER_AVG_HERBICIDE_GLYPHOSATE DIA. SALT
845,APPLICATIONS_IN_NUMBER_AVG_HERBICIDE_TRIBENURON-METHYL
846,APPLICATIONS_IN_NUMBER_AVG_HERBICIDE_FLUMIOXAZIN
847,APPLICATIONS_IN_NUMBER_AVG_HERBICIDE_MCPA SODIUM SALT
848,APPLICATIONS_IN_NUMBER_AVG_HERBICIDE_24-DP DIMETH. SALT
849,APPLICATIONS_IN_NUMBER_AVG_HERBICIDE_24-D BEE
850,APPLICATIONS_IN_NUMBER_AVG_HERBICIDE_FLUFENACET
851,APPLICATIONS_IN_NUMBER_AVG_HERBICIDE_GLYPHOSATE ISO. SALT
852,APPLICATIONS_IN_NUMBER_AVG_HERBICIDE_24-D DIMETH. SALT
853,APPLICATIONS_IN_NUMBER_AVG_HERBICIDE_DICAMBA DIMET. SALT
854,APPLICATIONS_IN_NUMBER_AVG_HERBICIDE_GLUFOSINATE-AMMONIUM
855,APPLICATIONS_IN_NUMBER_AVG_HERBICIDE_DIMETHENAMID-P
856,APPLICATIONS_IN_NUMBER_AVG_HERBICIDE_DICAMBA
857,APPLICATIONS_IN_NUMBER_AVG_HERBICIDE_IMAZAQUIN MON. SALT
858,APPLICATIONS_IN_NUMBER_AVG_HERBICIDE_GLYPHOSATE POT. SALT
859,APPLICATIONS_IN_NUMBER_AVG_HERBICIDE_SAFLUFENACIL
860,APPLICATIONS_IN_NUMBER_AVG_HERBICIDE_ATRAZINE
861,APPLICATIONS_IN_NUMBER_AVG_HERBICIDE_FENOXAPROP-P-ETHYL
862,APPLICATIONS_IN_NUMBER_AVG_HERBICIDE_DICAMBA DIGLY. SALT
863,APPLICATIONS_IN_NUMBER_AVG_HERBICIDE_FLUTHIACET-METHYL
864,APPLICATIONS_IN_NUMBER_AVG_HERBICIDE_QUIZALOFOP-P-ETHYL
865,APPLICATIONS_IN_NUMBER_AVG_HERBICIDE_IMAZETHAPYR AMMON.
866,APPLICATIONS_IN_NUMBER_AVG_HERBICIDE_GLYPHOSATE DIM. SALT
867,APPLICATIONS_IN_NUMBER_AVG_HERBICIDE_ACETOCHLOR
868,APPLICATIONS_IN_NUMBER_AVG_HERBICIDE_24-DB DIMETH. SALT
869,APPLICATIONS_IN_NUMBER_AVG_HERBICIDE_THIENCARBAZONE-METHY
870,APPLICATIONS_IN_NUMBER_AVG_HERBICIDE_IODOSULFURON-MET-SOD
871,APPLICATIONS_IN_NUMBER_AVG_HERBICIDE_RIMSULFURON
872,APPLICATIONS_IN_NUMBER_AVG_HERBICIDE_CARFENTRAZONE-ETHYL
873,APPLICATIONS_IN_NUMBER_AVG_HERBICIDE_GLYPHOSATE AMM. SALT
874,APPLICATIONS_IN_NUMBER_AVG_HERBICIDE_CLOPYRALID
875,APPLICATIONS_IN_NUMBER_AVG_HERBICIDE_MCPA 2-ETHYLHEXYL
876,APPLICATIONS_IN_NUMBER_AVG_HERBICIDE_PROPANOIC ACID
877,APPLICATIONS_IN_NUMBER_AVG_HERBICIDE_PYROXASULFONE
878,APPLICATIONS_IN_NUMBER_AVG_HERBICIDE_QUINCLORAC
879,APPLICATIONS_IN_NUMBER_AVG_HERBICIDE_FOMESAFEN
880,APPLICATIONS_IN_NUMBER_AVG_HERBICIDE_AMMONIUM CHLORAMBEN
881,APPLICATIONS_IN_NUMBER_AVG_HERBICIDE_NORFLURAZON
882,APPLICATIONS_IN_NUMBER_AVG_HERBICIDE_MESOTRIONE
883,APPLICATIONS_IN_NUMBER_AVG_HERBICIDE_TOPRAMEZONE
884,APPLICATIONS_IN_NUMBER_AVG_HERBICIDE_24-D CHOLINE SALT
885,APPLICATIONS_IN_NUMBER_AVG_HERBICIDE_IMAZAQUIN SOD. SALT
886,APPLICATIONS_IN_NUMBER_AVG_HERBICIDE_PYRAFLUFEN-ETHYL
887,APPLICATIONS_IN_NUMBER_AVG_HERBICIDE_OXYFLUORFEN
888,APPLICATIONS_IN_NUMBER_AVG_HERBICIDE_FLUCARBAZONE-SODIUM
889,APPLICATIONS_IN_NUMBER_AVG_HERBICIDE_DICAMBA; BAPMA
890,APPLICATIONS_IN_NUMBER_AVG_HERBICIDE_HALOSULFURON-METHYL
891,APPLICATIONS_IN_NUMBER_AVG_HERBICIDE_METSULFURON-METHYL
892,APPLICATIONS_IN_NUMBER_AVG_HERBICIDE_BUTOXYETHYL TRICLOPY
893,APPLICATIONS_IN_NUMBER_AVG_HERBICIDE_PRODIAMINE
894,APPLICATIONS_IN_NUMBER_AVG_HERBICIDE_DIFLUFENZOPYR-SODIUM
895,APPLICATIONS_IN_NUMBER_AVG_HERBICIDE_DICAMBA SODIUM SALT
896,APPLICATIONS_IN_NUMBER_AVG_HERBICIDE_FLUROXYPYR 1-MHE
897,APPLICATIONS_IN_NUMBER_AVG_HERBICIDE_DICAMBA POT. SALT
898,APPLICATIONS_IN_NUMBER_AVG_HERBICIDE_KANTOR
899,APPLICATIONS_IN_NUMBER_AVG_HERBICIDE_CHLORSULFURON
900,APPLICATIONS_IN_NUMBER_AVG_HERBICIDE_ISOXAFLUTOLE
901,APPLICATIONS_IN_NUMBER_AVG_HERBICIDE_DICAMBA ISO SALT
902,APPLICATIONS_IN_NUMBER_AVG_HERBICIDE_24-D ISOPROP. SALT
903,APPLICATIONS_IN_NUMBER_AVG_HERBICIDE_BROMOXYNIL OCTANOATE
904,APPLICATIONS_IN_NUMBER_AVG_HERBICIDE_CLOPYRALID MONO SALT
905,APPLICATIONS_IN_NUMBER_AVG_HERBICIDE_SIMAZINE
906,APPLICATIONS_IN_NUMBER_AVG_HERBICIDE_ETHOFUMESATE
907,APPLICATIONS_IN_NUMBER_AVG_HERBICIDE_BAPMA SALT OF DICAMBA
908,APPLICATIONS_IN_NUMBER_AVG_HERBICIDE_BENSULIDE
909,APPLICATIONS_IN_NUMBER_AVG_HERBICIDE_EPTC
910,APPLICATIONS_IN_NUMBER_AVG_HERBICIDE_DIQUAT DIBROMIDE
911,APPLICATIONS_IN_NUMBER_AVG_HERBICIDE_D-LIMONENE
912,APPLICATIONS_IN_NUMBER_AVG_HERBICIDE_NAPROPAMIDE
913,APPLICATIONS_IN_NUMBER_AVG_HERBICIDE_NICOSULFURON
914,APPLICATIONS_IN_NUMBER_AVG_HERBICIDE_BROMOXYNIL HEPTAN.
915,APPLICATIONS_IN_NUMBER_AVG_HERBICIDE_DIURON
916,APPLICATIONS_IN_NUMBER_AVG_HERBICIDE_BICYCLOPYRONE
917,APPLICATIONS_IN_NUMBER_AVG_HERBICIDE_MCPA DIMETHYL. SALT
918,APPLICATIONS_IN_NUMBER_AVG_HERBICIDE_PYROXSULAM
919,APPLICATIONS_IN_NUMBER_AVG_HERBICIDE_HEXAZINONE
920,APPLICATIONS_IN_NUMBER_AVG_HERBICIDE_HALAUXIFEN-METHYL
921,APPLICATIONS_IN_NUMBER_AVG_HERBICIDE_TEMBOTRIONE
922,APPLICATIONS_IN_NUMBER_AVG_HERBICIDE_24-D TRIISO. SALT
923,TREATED_IN_PCT_OF_AREA_PLANTED_AVG_HERBICIDE_ACIFLUORFEN SODIUM
924,TREATED_IN_PCT_OF_AREA_PLANTED_AVG_HERBICIDE_BENTAZON
925,TREATED_IN_PCT_OF_AREA_PLANTED_AVG_HERBICIDE_CHLORIMURON-ETHYL
926,TREATED_IN_PCT_OF_AREA_PLANTED_AVG_HERBICIDE_CLETHODIM
927,TREATED_IN_PCT_OF_AREA_PLANTED_AVG_HERBICIDE_FLUAZIFOP-P-BUTYL
928,TREATED_IN_PCT_OF_AREA_PLANTED_AVG_HERBICIDE_FOMESAFEN SODIUM
929,TREATED_IN_PCT_OF_AREA_PLANTED_AVG_HERBICIDE_GLYPHOSATE
930,TREATED_IN_PCT_OF_AREA_PLANTED_AVG_HERBICIDE_IMAZAQUIN
931,TREATED_IN_PCT_OF_AREA_PLANTED_AVG_HERBICIDE_METOLACHLOR
932,TREATED_IN_PCT_OF_AREA_PLANTED_AVG_HERBICIDE_METRIBUZIN
933,TREATED_IN_PCT_OF_AREA_PLANTED_AVG_HERBICIDE_PENDIMETHALIN
934,TREATED_IN_PCT_OF_AREA_PLANTED_AVG_HERBICIDE_QUIZALOFOP-ETHYL
935,TREATED_IN_PCT_OF_AREA_PLANTED_AVG_HERBICIDE_SETHOXYDIM
936,TREATED_IN_PCT_OF_AREA_PLANTED_AVG_HERBICIDE_TRIFLURALIN
937,TREATED_IN_PCT_OF_AREA_PLANTED_AVG_HERBICIDE_IMAZETHAPYR
938,TREATED_IN_PCT_OF_AREA_PLANTED_AVG_HERBICIDE_LACTOFEN
939,TREATED_IN_PCT_OF_AREA_PLANTED_AVG_HERBICIDE_24-D
940,TREATED_IN_PCT_OF_AREA_PLANTED_AVG_HERBICIDE_THIFENSULFURON
941,TREATED_IN_PCT_OF_AREA_PLANTED_AVG_HERBICIDE_FENOXAPROP
942,TREATED_IN_PCT_OF_AREA_PLANTED_AVG_HERBICIDE_DIMETHENAMID
943,TREATED_IN_PCT_OF_AREA_PLANTED_AVG_HERBICIDE_CLOMAZONE
944,TREATED_IN_PCT_OF_AREA_PLANTED_AVG_HERBICIDE_FLUMICLORAC-PENTYL
945,TREATED_IN_PCT_OF_AREA_PLANTED_AVG_HERBICIDE_FLUMETSULAM
946,TREATED_IN_PCT_OF_AREA_PLANTED_AVG_HERBICIDE_ALACHLOR
947,TREATED_IN_PCT_OF_AREA_PLANTED_AVG_HERBICIDE_PARAQUAT
948,TREATED_IN_PCT_OF_AREA_PLANTED_AVG_HERBICIDE_ETHALFLURALIN
949,TREATED_IN_PCT_OF_AREA_PLANTED_AVG_HERBICIDE_LINURON
950,TREATED_IN_PCT_OF_AREA_PLANTED_AVG_HERBICIDE_CLORANSULAM-METHYL
951,TREATED_IN_PCT_OF_AREA_PLANTED_AVG_HERBICIDE_IMAZAMOX
952,TREATED_IN_PCT_OF_AREA_PLANTED_AVG_HERBICIDE_SULFENTRAZONE
953,TREATED_IN_PCT_OF_AREA_PLANTED_AVG_HERBICIDE_SULFOSATE
954,TREATED_IN_PCT_OF_AREA_PLANTED_AVG_HERBICIDE_S-METOLACHLOR
955,TREATED_IN_PCT_OF_AREA_PLANTED_AVG_HERBICIDE_24-D 2-EHE
956,TREATED_IN_PCT_OF_AREA_PLANTED_AVG_HERBICIDE_GLYPHOSATE DIA. SALT
957,TREATED_IN_PCT_OF_AREA_PLANTED_AVG_HERBICIDE_TRIBENURON-METHYL
958,TREATED_IN_PCT_OF_AREA_PLANTED_AVG_HERBICIDE_FLUMIOXAZIN
959,TREATED_IN_PCT_OF_AREA_PLANTED_AVG_HERBICIDE_MCPA SODIUM SALT
960,TREATED_IN_PCT_OF_AREA_PLANTED_AVG_HERBICIDE_24-DP DIMETH. SALT
961,TREATED_IN_PCT_OF_AREA_PLANTED_AVG_HERBICIDE_24-D BEE
962,TREATED_IN_PCT_OF_AREA_PLANTED_AVG_HERBICIDE_FLUFENACET
963,TREATED_IN_PCT_OF_AREA_PLANTED_AVG_HERBICIDE_GLYPHOSATE ISO. SALT
964,TREATED_IN_PCT_OF_AREA_PLANTED_AVG_HERBICIDE_24-D DIMETH. SALT
965,TREATED_IN_PCT_OF_AREA_PLANTED_AVG_HERBICIDE_DICAMBA DIMET. SALT
966,TREATED_IN_PCT_OF_AREA_PLANTED_AVG_HERBICIDE_GLUFOSINATE-AMMONIUM
967,TREATED_IN_PCT_OF_AREA_PLANTED_AVG_HERBICIDE_DIMETHENAMID-P
968,TREATED_IN_PCT_OF_AREA_PLANTED_AVG_HERBICIDE_DICAMBA
969,TREATED_IN_PCT_OF_AREA_PLANTED_AVG_HERBICIDE_IMAZAQUIN MON. SALT
970,TREATED_IN_PCT_OF_AREA_PLANTED_AVG_HERBICIDE_GLYPHOSATE POT. SALT
971,TREATED_IN_PCT_OF_AREA_PLANTED_AVG_HERBICIDE_SAFLUFENACIL
972,TREATED_IN_PCT_OF_AREA_PLANTED_AVG_HERBICIDE_ATRAZINE
973,TREATED_IN_PCT_OF_AREA_PLANTED_AVG_HERBICIDE_FENOXAPROP-P-ETHYL
974,TREATED_IN_PCT_OF_AREA_PLANTED_AVG_HERBICIDE_DICAMBA DIGLY. SALT
975,TREATED_IN_PCT_OF_AREA_PLANTED_AVG_HERBICIDE_FLUTHIACET-METHYL
976,TREATED_IN_PCT_OF_AREA_PLANTED_AVG_HERBICIDE_QUIZALOFOP-P-ETHYL
977,TREATED_IN_PCT_OF_AREA_PLANTED_AVG_HERBICIDE_IMAZETHAPYR AMMON.
978,TREATED_IN_PCT_OF_AREA_PLANTED_AVG_HERBICIDE_GLYPHOSATE DIM. SALT
979,TREATED_IN_PCT_OF_AREA_PLANTED_AVG_HERBICIDE_ACETOCHLOR
980,TREATED_IN_PCT_OF_AREA_PLANTED_AVG_HERBICIDE_24-DB DIMETH. SALT
981,TREATED_IN_PCT_OF_AREA_PLANTED_AVG_HERBICIDE_THIENCARBAZONE-METHY
982,TREATED_IN_PCT_OF_AREA_PLANTED_AVG_HERBICIDE_IODOSULFURON-MET-SOD
983,TREATED_IN_PCT_OF_AREA_PLANTED_AVG_HERBICIDE_RIMSULFURON
984,TREATED_IN_PCT_OF_AREA_PLANTED_AVG_HERBICIDE_CARFENTRAZONE-ETHYL
985,TREATED_IN_PCT_OF_AREA_PLANTED_AVG_HERBICIDE_GLYPHOSATE AMM. SALT
986,TREATED_IN_PCT_OF_AREA_PLANTED_AVG_HERBICIDE_CLOPYRALID
987,TREATED_IN_PCT_OF_AREA_PLANTED_AVG_HERBICIDE_MCPA 2-ETHYLHEXYL
988,TREATED_IN_PCT_OF_AREA_PLANTED_AVG_HERBICIDE_PROPANOIC ACID
989,TREATED_IN_PCT_OF_AREA_PLANTED_AVG_HERBICIDE_PYROXASULFONE
990,TREATED_IN_PCT_OF_AREA_PLANTED_AVG_HERBICIDE_QUINCLORAC
991,TREATED_IN_PCT_OF_AREA_PLANTED_AVG_HERBICIDE_FOMESAFEN
992,TREATED_IN_PCT_OF_AREA_PLANTED_AVG_HERBICIDE_AMMONIUM CHLORAMBEN
993,TREATED_IN_PCT_OF_AREA_PLANTED_AVG_HERBICIDE_NORFLURAZON
994,TREATED_IN_PCT_OF_AREA_PLANTED_AVG_HERBICIDE_MESOTRIONE
995,TREATED_IN_PCT_OF_AREA_PLANTED_AVG_HERBICIDE_TOPRAMEZONE
996,TREATED_IN_PCT_OF_AREA_PLANTED_AVG_HERBICIDE_24-D CHOLINE SALT
997,TREATED_IN_PCT_OF_AREA_PLANTED_AVG_HERBICIDE_IMAZAQUIN SOD. SALT
998,TREATED_IN_PCT_OF_AREA_PLANTED_AVG_HERBICIDE_PYRAFLUFEN-ETHYL
999,TREATED_IN_PCT_OF_AREA_PLANTED_AVG_HERBICIDE_OXYFLUORFEN
1000,TREATED_IN_PCT_OF_AREA_PLANTED_AVG_HERBICIDE_FLUCARBAZONE-SODIUM
1001,TREATED_IN_PCT_OF_AREA_PLANTED_AVG_HERBICIDE_DICAMBA; BAPMA
1002,TREATED_IN_PCT_OF_AREA_PLANTED_AVG_HERBICIDE_HALOSULFURON-METHYL
1003,TREATED_IN_PCT_OF_AREA_PLANTED_AVG_HERBICIDE_METSULFURON-METHYL
1004,TREATED_IN_PCT_OF_AREA_PLANTED_AVG_HERBICIDE_BUTOXYETHYL TRICLOPY
1005,TREATED_IN_PCT_OF_AREA_PLANTED_AVG_HERBICIDE_PRODIAMINE
1006,TREATED_IN_PCT_OF_AREA_PLANTED_AVG_HERBICIDE_DIFLUFENZOPYR-SODIUM
1007,TREATED_IN_PCT_OF_AREA_PLANTED_AVG_HERBICIDE_DICAMBA SODIUM SALT
1008,TREATED_IN_PCT_OF_AREA_PLANTED_AVG_HERBICIDE_FLUROXYPYR 1-MHE
1009,TREATED_IN_PCT_OF_AREA_PLANTED_AVG_HERBICIDE_DICAMBA POT. SALT
1010,TREATED_IN_PCT_OF_AREA_PLANTED_AVG_HERBICIDE_KANTOR
1011,TREATED_IN_PCT_OF_AREA_PLANTED_AVG_HERBICIDE_CHLORSULFURON
1012,TREATED_IN_PCT_OF_AREA_PLANTED_AVG_HERBICIDE_ISOXAFLUTOLE
1013,TREATED_IN_PCT_OF_AREA_PLANTED_AVG_HERBICIDE_DICAMBA ISO SALT
1014,TREATED_IN_PCT_OF_AREA_PLANTED_AVG_HERBICIDE_24-D ISOPROP. SALT
1015,TREATED_IN_PCT_OF_AREA_PLANTED_AVG_HERBICIDE_BROMOXYNIL OCTANOATE
1016,TREATED_IN_PCT_OF_AREA_PLANTED_AVG_HERBICIDE_CLOPYRALID MONO SALT
1017,TREATED_IN_PCT_OF_AREA_PLANTED_AVG_HERBICIDE_SIMAZINE
1018,TREATED_IN_PCT_OF_AREA_PLANTED_AVG_HERBICIDE_ETHOFUMESATE
1019,TREATED_IN_PCT_OF_AREA_PLANTED_AVG_HERBICIDE_BAPMA SALT OF DICAMBA
1020,TREATED_IN_PCT_OF_AREA_PLANTED_AVG_HERBICIDE_BENSULIDE
1021,TREATED_IN_PCT_OF_AREA_PLANTED_AVG_HERBICIDE_EPTC
1022,TREATED_IN_PCT_OF_AREA_PLANTED_AVG_HERBICIDE_DIQUAT DIBROMIDE
1023,TREATED_IN_PCT_OF_AREA_PLANTED_AVG_HERBICIDE_D-LIMONENE
1024,TREATED_IN_PCT_OF_AREA_PLANTED_AVG_HERBICIDE_NAPROPAMIDE
1025,TREATED_IN_PCT_OF_AREA_PLANTED_AVG_HERBICIDE_NICOSULFURON
1026,TREATED_IN_PCT_OF_AREA_PLANTED_AVG_HERBICIDE_BROMOXYNIL HEPTAN.
1027,TREATED_IN_PCT_OF_AREA_PLANTED_AVG_HERBICIDE_DIURON
1028,TREATED_IN_PCT_OF_AREA_PLANTED_AVG_HERBICIDE_BICYCLOPYRONE
1029,TREATED_IN_PCT_OF_AREA_PLANTED_AVG_HERBICIDE_MCPA DIMETHYL. SALT
1030,TREATED_IN_PCT_OF_AREA_PLANTED_AVG_HERBICIDE_PYROXSULAM
1031,TREATED_IN_PCT_OF_AREA_PLANTED_AVG_HERBICIDE_HEXAZINONE
1032,TREATED_IN_PCT_OF_AREA_PLANTED_AVG_HERBICIDE_HALAUXIFEN-METHYL
1033,TREATED_IN_PCT_OF_AREA_PLANTED_AVG_HERBICIDE_TEMBOTRIONE
1034,TREATED_IN_PCT_OF_AREA_PLANTED_AVG_HERBICIDE_24-D TRIISO. SALT
1035,METHYL PARATHION
1036,THIODICARB
1037,LAMBDA-CYHALOTHRIN
1038,DIMETHOATE
1039,SPINOSAD
1040,PERMETHRIN
1041,DIFLUBENZURON
1042,METHOXYFENOZIDE
1043,ZETA-CYPERMETHRIN
1044,CHLORPYRIFOS
1045,ESFENVALERATE
1046,ACEPHATE
1047,CYFLUTHRIN
1048,GAMMA-CYHALOTHRIN
1049,INDOXACARB
1050,BIFENTHRIN
1051,FLUBENDIAMIDE
1052,CYPERMETHRIN
1053,IMIDACLOPRID
1054,THIAMETHOXAM
1055,MALATHION
1056,BETA-CYFLUTHRIN
1057,METHOMYL
1058,CARBARYL
1059,BT KURSTAKI ABTS-351
1060,DICROTOPHOS
1061,SPINETORAM-J
1062,SPINETORAM-L
1063,CHLORANTRANILIPROLE
1064,OXAMYL
1065,ALPHA CYPERMETHRIN
1066,DELTAMETHRIN
1067,SULFOXAFLOR
1068,NOVALURON
1069,SPIROMESIFEN
1070,CHLORFENAPYR
1071,ABAMECTIN
1072,SPINETORAM
1073,PETROLEUM DISTILLATE
1074,TEFLUTHRIN
1075,BT KURSTAK ABTS-1857
1076,APPLICATIONS_IN_LB_INSECTICIDE_METHYL PARATHION
1077,APPLICATIONS_IN_LB_INSECTICIDE_THIODICARB
1078,APPLICATIONS_IN_LB_INSECTICIDE_LAMBDA-CYHALOTHRIN
1079,APPLICATIONS_IN_LB_INSECTICIDE_DIMETHOATE
1080,APPLICATIONS_IN_LB_INSECTICIDE_SPINOSAD
1081,APPLICATIONS_IN_LB_INSECTICIDE_PERMETHRIN
1082,APPLICATIONS_IN_LB_INSECTICIDE_DIFLUBENZURON
1083,APPLICATIONS_IN_LB_INSECTICIDE_METHOXYFENOZIDE
1084,APPLICATIONS_IN_LB_INSECTICIDE_ZETA-CYPERMETHRIN
1085,APPLICATIONS_IN_LB_INSECTICIDE_CHLORPYRIFOS
1086,APPLICATIONS_IN_LB_INSECTICIDE_ESFENVALERATE
1087,APPLICATIONS_IN_LB_INSECTICIDE_ACEPHATE
1088,APPLICATIONS_IN_LB_INSECTICIDE_CYFLUTHRIN
1089,APPLICATIONS_IN_LB_INSECTICIDE_GAMMA-CYHALOTHRIN
1090,APPLICATIONS_IN_LB_INSECTICIDE_INDOXACARB
1091,APPLICATIONS_IN_LB_INSECTICIDE_BIFENTHRIN
1092,APPLICATIONS_IN_LB_INSECTICIDE_FLUBENDIAMIDE
1093,APPLICATIONS_IN_LB_INSECTICIDE_CYPERMETHRIN
1094,APPLICATIONS_IN_LB_INSECTICIDE_IMIDACLOPRID
1095,APPLICATIONS_IN_LB_INSECTICIDE_THIAMETHOXAM
1096,APPLICATIONS_IN_LB_INSECTICIDE_MALATHION
1097,APPLICATIONS_IN_LB_INSECTICIDE_BETA-CYFLUTHRIN
1098,APPLICATIONS_IN_LB_INSECTICIDE_METHOMYL
1099,APPLICATIONS_IN_LB_INSECTICIDE_CARBARYL
1100,APPLICATIONS_IN_LB_INSECTICIDE_BT KURSTAKI ABTS-351
1101,APPLICATIONS_IN_LB_INSECTICIDE_DICROTOPHOS
1102,APPLICATIONS_IN_LB_INSECTICIDE_SPINETORAM-J
1103,APPLICATIONS_IN_LB_INSECTICIDE_SPINETORAM-L
1104,APPLICATIONS_IN_LB_INSECTICIDE_CHLORANTRANILIPROLE
1105,APPLICATIONS_IN_LB_INSECTICIDE_OXAMYL
1106,APPLICATIONS_IN_LB_INSECTICIDE_ALPHA CYPERMETHRIN
1107,APPLICATIONS_IN_LB_INSECTICIDE_DELTAMETHRIN
1108,APPLICATIONS_IN_LB_INSECTICIDE_SULFOXAFLOR
1109,APPLICATIONS_IN_LB_INSECTICIDE_NOVALURON
1110,APPLICATIONS_IN_LB_INSECTICIDE_SPIROMESIFEN
1111,APPLICATIONS_IN_LB_INSECTICIDE_CHLORFENAPYR
1112,APPLICATIONS_IN_LB_INSECTICIDE_ABAMECTIN
1113,APPLICATIONS_IN_LB_INSECTICIDE_SPINETORAM
1114,APPLICATIONS_IN_LB_INSECTICIDE_PETROLEUM DISTILLATE
1115,APPLICATIONS_IN_LB_INSECTICIDE_TEFLUTHRIN
1116,APPLICATIONS_IN_LB_INSECTICIDE_BT KURSTAK ABTS-1857
1117,APPLICATIONS_IN_LB_/_ACRE_/_APPLICATION_AVG_INSECTICIDE_METHYL PARATHION
1118,APPLICATIONS_IN_LB_/_ACRE_/_APPLICATION_AVG_INSECTICIDE_THIODICARB
1119,APPLICATIONS_IN_LB_/_ACRE_/_APPLICATION_AVG_INSECTICIDE_LAMBDA-CYHALOTHRIN
1120,APPLICATIONS_IN_LB_/_ACRE_/_APPLICATION_AVG_INSECTICIDE_DIMETHOATE
1121,APPLICATIONS_IN_LB_/_ACRE_/_APPLICATION_AVG_INSECTICIDE_SPINOSAD
1122,APPLICATIONS_IN_LB_/_ACRE_/_APPLICATION_AVG_INSECTICIDE_PERMETHRIN
1123,APPLICATIONS_IN_LB_/_ACRE_/_APPLICATION_AVG_INSECTICIDE_DIFLUBENZURON
1124,APPLICATIONS_IN_LB_/_ACRE_/_APPLICATION_AVG_INSECTICIDE_METHOXYFENOZIDE
1125,APPLICATIONS_IN_LB_/_ACRE_/_APPLICATION_AVG_INSECTICIDE_ZETA-CYPERMETHRIN
1126,APPLICATIONS_IN_LB_/_ACRE_/_APPLICATION_AVG_INSECTICIDE_CHLORPYRIFOS
1127,APPLICATIONS_IN_LB_/_ACRE_/_APPLICATION_AVG_INSECTICIDE_ESFENVALERATE
1128,APPLICATIONS_IN_LB_/_ACRE_/_APPLICATION_AVG_INSECTICIDE_ACEPHATE
1129,APPLICATIONS_IN_LB_/_ACRE_/_APPLICATION_AVG_INSECTICIDE_CYFLUTHRIN
1130,APPLICATIONS_IN_LB_/_ACRE_/_APPLICATION_AVG_INSECTICIDE_GAMMA-CYHALOTHRIN
1131,APPLICATIONS_IN_LB_/_ACRE_/_APPLICATION_AVG_INSECTICIDE_INDOXACARB
1132,APPLICATIONS_IN_LB_/_ACRE_/_APPLICATION_AVG_INSECTICIDE_BIFENTHRIN
1133,APPLICATIONS_IN_LB_/_ACRE_/_APPLICATION_AVG_INSECTICIDE_FLUBENDIAMIDE
1134,APPLICATIONS_IN_LB_/_ACRE_/_APPLICATION_AVG_INSECTICIDE_CYPERMETHRIN
1135,APPLICATIONS_IN_LB_/_ACRE_/_APPLICATION_AVG_INSECTICIDE_IMIDACLOPRID
1136,APPLICATIONS_IN_LB_/_ACRE_/_APPLICATION_AVG_INSECTICIDE_THIAMETHOXAM
1137,APPLICATIONS_IN_LB_/_ACRE_/_APPLICATION_AVG_INSECTICIDE_MALATHION
1138,APPLICATIONS_IN_LB_/_ACRE_/_APPLICATION_AVG_INSECTICIDE_BETA-CYFLUTHRIN
1139,APPLICATIONS_IN_LB_/_ACRE_/_APPLICATION_AVG_INSECTICIDE_METHOMYL
1140,APPLICATIONS_IN_LB_/_ACRE_/_APPLICATION_AVG_INSECTICIDE_CARBARYL
1141,APPLICATIONS_IN_LB_/_ACRE_/_APPLICATION_AVG_INSECTICIDE_BT KURSTAKI ABTS-351
1142,APPLICATIONS_IN_LB_/_ACRE_/_APPLICATION_AVG_INSECTICIDE_DICROTOPHOS
1143,APPLICATIONS_IN_LB_/_ACRE_/_APPLICATION_AVG_INSECTICIDE_SPINETORAM-J
1144,APPLICATIONS_IN_LB_/_ACRE_/_APPLICATION_AVG_INSECTICIDE_SPINETORAM-L
1145,APPLICATIONS_IN_LB_/_ACRE_/_APPLICATION_AVG_INSECTICIDE_CHLORANTRANILIPROLE
1146,APPLICATIONS_IN_LB_/_ACRE_/_APPLICATION_AVG_INSECTICIDE_OXAMYL
1147,APPLICATIONS_IN_LB_/_ACRE_/_APPLICATION_AVG_INSECTICIDE_ALPHA CYPERMETHRIN
1148,APPLICATIONS_IN_LB_/_ACRE_/_APPLICATION_AVG_INSECTICIDE_DELTAMETHRIN
1149,APPLICATIONS_IN_LB_/_ACRE_/_APPLICATION_AVG_INSECTICIDE_SULFOXAFLOR
1150,APPLICATIONS_IN_LB_/_ACRE_/_APPLICATION_AVG_INSECTICIDE_NOVALURON
1151,APPLICATIONS_IN_LB_/_ACRE_/_APPLICATION_AVG_INSECTICIDE_SPIROMESIFEN
1152,APPLICATIONS_IN_LB_/_ACRE_/_APPLICATION_AVG_INSECTICIDE_CHLORFENAPYR
1153,APPLICATIONS_IN_LB_/_ACRE_/_APPLICATION_AVG_INSECTICIDE_ABAMECTIN
1154,APPLICATIONS_IN_LB_/_ACRE_/_APPLICATION_AVG_INSECTICIDE_SPINETORAM
1155,APPLICATIONS_IN_LB_/_ACRE_/_APPLICATION_AVG_INSECTICIDE_PETROLEUM DISTILLATE
1156,APPLICATIONS_IN_LB_/_ACRE_/_APPLICATION_AVG_INSECTICIDE_TEFLUTHRIN
1157,APPLICATIONS_IN_LB_/_ACRE_/_APPLICATION_AVG_INSECTICIDE_BT KURSTAK ABTS-1857
1158,APPLICATIONS_IN_LB_/_ACRE_/_YEAR_AVG_INSECTICIDE_METHYL PARATHION
1159,APPLICATIONS_IN_LB_/_ACRE_/_YEAR_AVG_INSECTICIDE_THIODICARB
1160,APPLICATIONS_IN_LB_/_ACRE_/_YEAR_AVG_INSECTICIDE_LAMBDA-CYHALOTHRIN
1161,APPLICATIONS_IN_LB_/_ACRE_/_YEAR_AVG_INSECTICIDE_DIMETHOATE
1162,APPLICATIONS_IN_LB_/_ACRE_/_YEAR_AVG_INSECTICIDE_SPINOSAD
1163,APPLICATIONS_IN_LB_/_ACRE_/_YEAR_AVG_INSECTICIDE_PERMETHRIN
1164,APPLICATIONS_IN_LB_/_ACRE_/_YEAR_AVG_INSECTICIDE_DIFLUBENZURON
1165,APPLICATIONS_IN_LB_/_ACRE_/_YEAR_AVG_INSECTICIDE_METHOXYFENOZIDE
1166,APPLICATIONS_IN_LB_/_ACRE_/_YEAR_AVG_INSECTICIDE_ZETA-CYPERMETHRIN
1167,APPLICATIONS_IN_LB_/_ACRE_/_YEAR_AVG_INSECTICIDE_CHLORPYRIFOS
1168,APPLICATIONS_IN_LB_/_ACRE_/_YEAR_AVG_INSECTICIDE_ESFENVALERATE
1169,APPLICATIONS_IN_LB_/_ACRE_/_YEAR_AVG_INSECTICIDE_ACEPHATE
1170,APPLICATIONS_IN_LB_/_ACRE_/_YEAR_AVG_INSECTICIDE_CYFLUTHRIN
1171,APPLICATIONS_IN_LB_/_ACRE_/_YEAR_AVG_INSECTICIDE_GAMMA-CYHALOTHRIN
1172,APPLICATIONS_IN_LB_/_ACRE_/_YEAR_AVG_INSECTICIDE_INDOXACARB
1173,APPLICATIONS_IN_LB_/_ACRE_/_YEAR_AVG_INSECTICIDE_BIFENTHRIN
1174,APPLICATIONS_IN_LB_/_ACRE_/_YEAR_AVG_INSECTICIDE_FLUBENDIAMIDE
1175,APPLICATIONS_IN_LB_/_ACRE_/_YEAR_AVG_INSECTICIDE_CYPERMETHRIN
1176,APPLICATIONS_IN_LB_/_ACRE_/_YEAR_AVG_INSECTICIDE_IMIDACLOPRID
1177,APPLICATIONS_IN_LB_/_ACRE_/_YEAR_AVG_INSECTICIDE_THIAMETHOXAM
1178,APPLICATIONS_IN_LB_/_ACRE_/_YEAR_AVG_INSECTICIDE_MALATHION
1179,APPLICATIONS_IN_LB_/_ACRE_/_YEAR_AVG_INSECTICIDE_BETA-CYFLUTHRIN
1180,APPLICATIONS_IN_LB_/_ACRE_/_YEAR_AVG_INSECTICIDE_METHOMYL
1181,APPLICATIONS_IN_LB_/_ACRE_/_YEAR_AVG_INSECTICIDE_CARBARYL
1182,APPLICATIONS_IN_LB_/_ACRE_/_YEAR_AVG_INSECTICIDE_BT KURSTAKI ABTS-351
1183,APPLICATIONS_IN_LB_/_ACRE_/_YEAR_AVG_INSECTICIDE_DICROTOPHOS
1184,APPLICATIONS_IN_LB_/_ACRE_/_YEAR_AVG_INSECTICIDE_SPINETORAM-J
1185,APPLICATIONS_IN_LB_/_ACRE_/_YEAR_AVG_INSECTICIDE_SPINETORAM-L
1186,APPLICATIONS_IN_LB_/_ACRE_/_YEAR_AVG_INSECTICIDE_CHLORANTRANILIPROLE
1187,APPLICATIONS_IN_LB_/_ACRE_/_YEAR_AVG_INSECTICIDE_OXAMYL
1188,APPLICATIONS_IN_LB_/_ACRE_/_YEAR_AVG_INSECTICIDE_ALPHA CYPERMETHRIN
1189,APPLICATIONS_IN_LB_/_ACRE_/_YEAR_AVG_INSECTICIDE_DELTAMETHRIN
1190,APPLICATIONS_IN_LB_/_ACRE_/_YEAR_AVG_INSECTICIDE_SULFOXAFLOR
1191,APPLICATIONS_IN_LB_/_ACRE_/_YEAR_AVG_INSECTICIDE_NOVALURON
1192,APPLICATIONS_IN_LB_/_ACRE_/_YEAR_AVG_INSECTICIDE_SPIROMESIFEN
1193,APPLICATIONS_IN_LB_/_ACRE_/_YEAR_AVG_INSECTICIDE_CHLORFENAPYR
1194,APPLICATIONS_IN_LB_/_ACRE_/_YEAR_AVG_INSECTICIDE_ABAMECTIN
1195,APPLICATIONS_IN_LB_/_ACRE_/_YEAR_AVG_INSECTICIDE_SPINETORAM
1196,APPLICATIONS_IN_LB_/_ACRE_/_YEAR_AVG_INSECTICIDE_PETROLEUM DISTILLATE
1197,APPLICATIONS_IN_LB_/_ACRE_/_YEAR_AVG_INSECTICIDE_TEFLUTHRIN
1198,APPLICATIONS_IN_LB_/_ACRE_/_YEAR_AVG_INSECTICIDE_BT KURSTAK ABTS-1857
1199,APPLICATIONS_IN_NUMBER_AVG_INSECTICIDE_METHYL PARATHION
1200,APPLICATIONS_IN_NUMBER_AVG_INSECTICIDE_THIODICARB
1201,APPLICATIONS_IN_NUMBER_AVG_INSECTICIDE_LAMBDA-CYHALOTHRIN
1202,APPLICATIONS_IN_NUMBER_AVG_INSECTICIDE_DIMETHOATE
1203,APPLICATIONS_IN_NUMBER_AVG_INSECTICIDE_SPINOSAD
1204,APPLICATIONS_IN_NUMBER_AVG_INSECTICIDE_PERMETHRIN
1205,APPLICATIONS_IN_NUMBER_AVG_INSECTICIDE_DIFLUBENZURON
1206,APPLICATIONS_IN_NUMBER_AVG_INSECTICIDE_METHOXYFENOZIDE
1207,APPLICATIONS_IN_NUMBER_AVG_INSECTICIDE_ZETA-CYPERMETHRIN
1208,APPLICATIONS_IN_NUMBER_AVG_INSECTICIDE_CHLORPYRIFOS
1209,APPLICATIONS_IN_NUMBER_AVG_INSECTICIDE_ESFENVALERATE
1210,APPLICATIONS_IN_NUMBER_AVG_INSECTICIDE_ACEPHATE
1211,APPLICATIONS_IN_NUMBER_AVG_INSECTICIDE_CYFLUTHRIN
1212,APPLICATIONS_IN_NUMBER_AVG_INSECTICIDE_GAMMA-CYHALOTHRIN
1213,APPLICATIONS_IN_NUMBER_AVG_INSECTICIDE_INDOXACARB
1214,APPLICATIONS_IN_NUMBER_AVG_INSECTICIDE_BIFENTHRIN
1215,APPLICATIONS_IN_NUMBER_AVG_INSECTICIDE_FLUBENDIAMIDE
1216,APPLICATIONS_IN_NUMBER_AVG_INSECTICIDE_CYPERMETHRIN
1217,APPLICATIONS_IN_NUMBER_AVG_INSECTICIDE_IMIDACLOPRID
1218,APPLICATIONS_IN_NUMBER_AVG_INSECTICIDE_THIAMETHOXAM
1219,APPLICATIONS_IN_NUMBER_AVG_INSECTICIDE_MALATHION
1220,APPLICATIONS_IN_NUMBER_AVG_INSECTICIDE_BETA-CYFLUTHRIN
1221,APPLICATIONS_IN_NUMBER_AVG_INSECTICIDE_METHOMYL
1222,APPLICATIONS_IN_NUMBER_AVG_INSECTICIDE_CARBARYL
1223,APPLICATIONS_IN_NUMBER_AVG_INSECTICIDE_BT KURSTAKI ABTS-351
1224,APPLICATIONS_IN_NUMBER_AVG_INSECTICIDE_DICROTOPHOS
1225,APPLICATIONS_IN_NUMBER_AVG_INSECTICIDE_SPINETORAM-J
1226,APPLICATIONS_IN_NUMBER_AVG_INSECTICIDE_SPINETORAM-L
1227,APPLICATIONS_IN_NUMBER_AVG_INSECTICIDE_CHLORANTRANILIPROLE
1228,APPLICATIONS_IN_NUMBER_AVG_INSECTICIDE_OXAMYL
1229,APPLICATIONS_IN_NUMBER_AVG_INSECTICIDE_ALPHA CYPERMETHRIN
1230,APPLICATIONS_IN_NUMBER_AVG_INSECTICIDE_DELTAMETHRIN
1231,APPLICATIONS_IN_NUMBER_AVG_INSECTICIDE_SULFOXAFLOR
1232,APPLICATIONS_IN_NUMBER_AVG_INSECTICIDE_NOVALURON
1233,APPLICATIONS_IN_NUMBER_AVG_INSECTICIDE_SPIROMESIFEN
1234,APPLICATIONS_IN_NUMBER_AVG_INSECTICIDE_CHLORFENAPYR
1235,APPLICATIONS_IN_NUMBER_AVG_INSECTICIDE_ABAMECTIN
1236,APPLICATIONS_IN_NUMBER_AVG_INSECTICIDE_SPINETORAM
1237,APPLICATIONS_IN_NUMBER_AVG_INSECTICIDE_PETROLEUM DISTILLATE
1238,APPLICATIONS_IN_NUMBER_AVG_INSECTICIDE_TEFLUTHRIN
1239,APPLICATIONS_IN_NUMBER_AVG_INSECTICIDE_BT KURSTAK ABTS-1857
1240,TREATED_IN_PCT_OF_AREA_PLANTED_AVG_INSECTICIDE_METHYL PARATHION
1241,TREATED_IN_PCT_OF_AREA_PLANTED_AVG_INSECTICIDE_THIODICARB
1242,TREATED_IN_PCT_OF_AREA_PLANTED_AVG_INSECTICIDE_LAMBDA-CYHALOTHRIN
1243,TREATED_IN_PCT_OF_AREA_PLANTED_AVG_INSECTICIDE_DIMETHOATE
1244,TREATED_IN_PCT_OF_AREA_PLANTED_AVG_INSECTICIDE_SPINOSAD
1245,TREATED_IN_PCT_OF_AREA_PLANTED_AVG_INSECTICIDE_PERMETHRIN
1246,TREATED_IN_PCT_OF_AREA_PLANTED_AVG_INSECTICIDE_DIFLUBENZURON
1247,TREATED_IN_PCT_OF_AREA_PLANTED_AVG_INSECTICIDE_METHOXYFENOZIDE
1248,TREATED_IN_PCT_OF_AREA_PLANTED_AVG_INSECTICIDE_ZETA-CYPERMETHRIN
1249,TREATED_IN_PCT_OF_AREA_PLANTED_AVG_INSECTICIDE_CHLORPYRIFOS
1250,TREATED_IN_PCT_OF_AREA_PLANTED_AVG_INSECTICIDE_ESFENVALERATE
1251,TREATED_IN_PCT_OF_AREA_PLANTED_AVG_INSECTICIDE_ACEPHATE
1252,TREATED_IN_PCT_OF_AREA_PLANTED_AVG_INSECTICIDE_CYFLUTHRIN
1253,TREATED_IN_PCT_OF_AREA_PLANTED_AVG_INSECTICIDE_GAMMA-CYHALOTHRIN
1254,TREATED_IN_PCT_OF_AREA_PLANTED_AVG_INSECTICIDE_INDOXACARB
1255,TREATED_IN_PCT_OF_AREA_PLANTED_AVG_INSECTICIDE_BIFENTHRIN
1256,TREATED_IN_PCT_OF_AREA_PLANTED_AVG_INSECTICIDE_FLUBENDIAMIDE
1257,TREATED_IN_PCT_OF_AREA_PLANTED_AVG_INSECTICIDE_CYPERMETHRIN
1258,TREATED_IN_PCT_OF_AREA_PLANTED_AVG_INSECTICIDE_IMIDACLOPRID
1259,TREATED_IN_PCT_OF_AREA_PLANTED_AVG_INSECTICIDE_THIAMETHOXAM
1260,TREATED_IN_PCT_OF_AREA_PLANTED_AVG_INSECTICIDE_MALATHION
1261,TREATED_IN_PCT_OF_AREA_PLANTED_AVG_INSECTICIDE_BETA-CYFLUTHRIN
1262,TREATED_IN_PCT_OF_AREA_PLANTED_AVG_INSECTICIDE_METHOMYL
1263,TREATED_IN_PCT_OF_AREA_PLANTED_AVG_INSECTICIDE_CARBARYL
1264,TREATED_IN_PCT_OF_AREA_PLANTED_AVG_INSECTICIDE_BT KURSTAKI ABTS-351
1265,TREATED_IN_PCT_OF_AREA_PLANTED_AVG_INSECTICIDE_DICROTOPHOS
1266,TREATED_IN_PCT_OF_AREA_PLANTED_AVG_INSECTICIDE_SPINETORAM-J
1267,TREATED_IN_PCT_OF_AREA_PLANTED_AVG_INSECTICIDE_SPINETORAM-L
1268,TREATED_IN_PCT_OF_AREA_PLANTED_AVG_INSECTICIDE_CHLORANTRANILIPROLE
1269,TREATED_IN_PCT_OF_AREA_PLANTED_AVG_INSECTICIDE_OXAMYL
1270,TREATED_IN_PCT_OF_AREA_PLANTED_AVG_INSECTICIDE_ALPHA CYPERMETHRIN
1271,TREATED_IN_PCT_OF_AREA_PLANTED_AVG_INSECTICIDE_DELTAMETHRIN
1272,TREATED_IN_PCT_OF_AREA_PLANTED_AVG_INSECTICIDE_SULFOXAFLOR
1273,TREATED_IN_PCT_OF_AREA_PLANTED_AVG_INSECTICIDE_NOVALURON
1274,TREATED_IN_PCT_OF_AREA_PLANTED_AVG_INSECTICIDE_SPIROMESIFEN
1275,TREATED_IN_PCT_OF_AREA_PLANTED_AVG_INSECTICIDE_CHLORFENAPYR
1276,TREATED_IN_PCT_OF_AREA_PLANTED_AVG_INSECTICIDE_ABAMECTIN
1277,TREATED_IN_PCT_OF_AREA_PLANTED_AVG_INSECTICIDE_SPINETORAM
1278,TREATED_IN_PCT_OF_AREA_PLANTED_AVG_INSECTICIDE_PETROLEUM DISTILLATE
1279,TREATED_IN_PCT_OF_AREA_PLANTED_AVG_INSECTICIDE_TEFLUTHRIN
1280,TREATED_IN_PCT_OF_AREA_PLANTED_AVG_INSECTICIDE_BT KURSTAK ABTS-1857
